date,nivel_final_m
2026-07-30,1552.45
2026-06-11,1552.61
2026-06-21,1552.65
2026-08-19,1552.68
2026-04-22,1552.7
2026-07-11,1552.72
2026-08-09,1552.74
2026-07-21,1552.74
2026-03-14,1552.76
2010-02-06,1552.76
2026-07-01,1552.77
2026-08-29,1552.77
2010-04-26,1552.78
2026-03-04,1552.8
2026-06-01,1552.81
2010-03-17,1552.82
2026-02-22,1552.84
2009-03-15,1552.84
2010-05-16,1552.85
2026-05-02,1552.87
2009-02-14,1552.88
2026-05-12,1552.91
2026-04-12,1552.92
2026-05-22,1552.94
2009-04-04,1552.95
2026-02-12,1552.95
2026-04-03,1552.96
2009-12-08,1552.98
2009-03-25,1552.98
2009-04-14,1552.98
2010-05-06,1552.99
2010-03-27,1553.01
2010-02-25,1553.01
2009-01-15,1553.03
2010-01-17,1553.03
2009-05-14,1553.03
2009-07-03,1553.05
2009-01-25,1553.07
2009-03-06,1553.09
2010-01-27,1553.11
2010-04-06,1553.13
2026-02-02,1553.14
2009-05-24,1553.15
2009-04-24,1553.2
2009-02-24,1553.2
2010-01-07,1553.21
2025-05-20,1553.21
2025-04-01,1553.21
2025-08-08,1553.24
2010-04-16,1553.24
2009-05-04,1553.26
2025-08-17,1553.28
2025-12-05,1553.28
2009-09-10,1553.28
2009-10-20,1553.29
2009-09-30,1553.29
2025-04-20,1553.3
2025-07-29,1553.31
2025-07-19,1553.31
2025-09-06,1553.31
2010-03-07,1553.31
2009-12-28,1553.32
2009-07-22,1553.33
2009-06-03,1553.34
2009-02-04,1553.34
2026-01-23,1553.34
2025-05-30,1553.36
2025-04-30,1553.36
2009-10-10,1553.36
2025-06-09,1553.39
2025-06-29,1553.41
2025-05-10,1553.41
2009-08-31,1553.42
2010-06-15,1553.42
2025-04-11,1553.43
2025-08-27,1553.44
2025-03-02,1553.46
2025-11-15,1553.47
2025-11-25,1553.47
2024-04-09,1553.48
2025-07-09,1553.49
2025-06-19,1553.49
2024-06-17,1553.5
2009-07-12,1553.5
2025-11-05,1553.51
2024-04-19,1553.51
2025-09-16,1553.52
2024-05-08,1553.53
2026-01-13,1553.56
2009-08-11,1553.56
2025-10-06,1553.56
2024-04-29,1553.57
2009-12-18,1553.57
2025-10-26,1553.57
2023-09-13,1553.58
2026-01-03,1553.58
2024-06-07,1553.6
2024-03-30,1553.6
2009-01-05,1553.6
2025-12-14,1553.61
2009-08-01,1553.61
2025-02-20,1553.62
2009-08-21,1553.63
2025-12-24,1553.63
2025-02-10,1553.64
2025-09-26,1553.64
2025-03-12,1553.66
2024-07-17,1553.67
2024-03-20,1553.68
2024-07-07,1553.72
2024-05-28,1553.72
2024-07-27,1553.72
2025-10-16,1553.73
2010-07-04,1553.73
2024-11-03,1553.76
2024-03-10,1553.76
2022-08-03,1553.77
2024-11-13,1553.77
2023-04-08,1553.79
2008-12-16,1553.8
2022-04-16,1553.81
2024-06-27,1553.81
2023-04-18,1553.82
2008-12-26,1553.83
2009-11-28,1553.83
2025-01-31,1553.86
2024-12-22,1553.87
2024-10-24,1553.87
2024-05-18,1553.87
2023-04-28,1553.88
2024-08-16,1553.9
2024-01-10,1553.9
2024-09-04,1553.93
2023-03-29,1553.94
2025-01-01,1553.94
2022-05-25,1553.94
2025-01-21,1553.99
2024-08-25,1554.0
2022-04-26,1554.0
2024-02-29,1554.0
2022-05-06,1554.01
2025-01-11,1554.02
2023-11-12,1554.04
2023-09-04,1554.05
2024-08-06,1554.05
2022-01-07,1554.05
2024-11-23,1554.07
2023-05-17,1554.07
2023-06-16,1554.08
2024-02-09,1554.11
2024-01-01,1554.11
2023-10-03,1554.13
2023-03-09,1554.13
2023-12-22,1554.13
2023-06-06,1554.13
2024-12-03,1554.13
2022-05-16,1554.13
2010-07-24,1554.15
2024-02-19,1554.16
2023-08-25,1554.17
2022-03-27,1554.19
2023-09-23,1554.19
2023-07-26,1554.19
2024-01-30,1554.2
2020-05-02,1554.2
2023-05-08,1554.21
2022-06-14,1554.21
2024-10-14,1554.21
2023-06-26,1554.22
2024-01-20,1554.22
2023-07-06,1554.23
2024-12-13,1554.23
2021-05-04,1554.23
2023-05-27,1554.23
2024-10-04,1554.24
2023-02-17,1554.25
2023-03-19,1554.26
2022-06-04,1554.26
2023-07-16,1554.27
2021-06-12,1554.27
2023-08-15,1554.27
2021-08-31,1554.28
2022-12-20,1554.29
2022-08-23,1554.29
2023-08-05,1554.3
2021-06-22,1554.3
2022-07-24,1554.31
2022-08-13,1554.31
2022-02-25,1554.32
2022-06-24,1554.32
2023-12-12,1554.32
2022-04-06,1554.33
2020-05-12,1554.33
2023-02-27,1554.36
2022-12-10,1554.36
2023-11-22,1554.37
2021-12-28,1554.39
2023-11-02,1554.4
2021-04-24,1554.4
2021-06-03,1554.4
2022-09-02,1554.41
2023-10-13,1554.43
2022-01-17,1554.43
2022-03-17,1554.43
2022-09-21,1554.43
2020-06-11,1554.44
2021-12-18,1554.45
2022-11-20,1554.46
2021-12-08,1554.47
2023-02-07,1554.47
2022-02-05,1554.47
2023-12-02,1554.48
2022-07-04,1554.49
2021-04-14,1554.49
2022-07-14,1554.5
2022-03-07,1554.51
2022-09-12,1554.52
2022-01-27,1554.52
2022-02-15,1554.53
2021-05-24,1554.53
2021-04-04,1554.55
2021-05-14,1554.55
2021-02-04,1554.56
2023-01-18,1554.56
2022-12-30,1554.56
2021-03-15,1554.59
2021-03-05,1554.59
2021-07-12,1554.6
2022-11-30,1554.61
2021-08-21,1554.63
2023-01-09,1554.65
2021-08-01,1554.65
2021-08-11,1554.67
2021-01-25,1554.67
2023-01-28,1554.7
2020-08-19,1554.71
2021-10-19,1554.71
2010-09-02,1554.71
2021-11-28,1554.72
2021-07-02,1554.72
2010-08-03,1554.74
2010-08-13,1554.74
2021-02-13,1554.75
2021-09-20,1554.75
2021-01-15,1554.77
2020-11-06,1554.78
2022-10-11,1554.79
2021-03-25,1554.79
2021-07-22,1554.79
2022-10-01,1554.82
2019-09-17,1554.82
2022-10-31,1554.83
2022-11-10,1554.84
2020-06-20,1554.84
2021-10-09,1554.85
2020-12-26,1554.86
2020-07-20,1554.88
2020-05-22,1554.89
2021-10-29,1554.91
2020-07-10,1554.91
2021-01-05,1554.92
2020-09-28,1554.92
2021-09-30,1554.92
2010-10-02,1554.93
2021-02-23,1554.94
2020-08-29,1554.94
2020-04-22,1554.95
2021-11-08,1554.97
2020-09-08,1554.98
2020-12-16,1554.98
2021-09-10,1554.99
2020-06-30,1555.01
2019-05-21,1555.02
2020-12-06,1555.04
2020-03-13,1555.06
2022-10-21,1555.06
2020-01-04,1555.06
2020-09-18,1555.07
2020-08-09,1555.07
2021-11-18,1555.07
2020-04-12,1555.09
2020-03-03,1555.1
2019-03-12,1555.11
2020-01-24,1555.12
2020-10-17,1555.13
2020-07-30,1555.13
2020-10-08,1555.14
2020-11-26,1555.15
2010-09-12,1555.2
2020-03-23,1555.24
2011-06-16,1555.26
2019-08-18,1555.26
2019-08-28,1555.27
2020-01-14,1555.27
2020-04-02,1555.28
2019-09-07,1555.3
2019-07-09,1555.3
2019-05-11,1555.32
2020-11-16,1555.32
2020-02-22,1555.32
2010-09-22,1555.34
2011-05-08,1555.35
2019-05-31,1555.36
2019-05-01,1555.37
2019-07-19,1555.37
2019-09-27,1555.37
2011-07-06,1555.37
2019-06-29,1555.39
2019-07-29,1555.41
2011-04-18,1555.42
2019-10-26,1555.42
2019-04-01,1555.42
2019-10-17,1555.48
2019-06-10,1555.49
2019-08-08,1555.49
2010-10-12,1555.5
2011-05-28,1555.52
2018-11-13,1555.54
2011-02-17,1555.59
2019-11-15,1555.6
2019-02-11,1555.63
2011-04-28,1555.63
2011-03-09,1555.64
2019-12-25,1555.66
2011-03-19,1555.69
2011-02-08,1555.69
2011-04-08,1555.7
2019-01-22,1555.71
2011-01-09,1555.72
2018-10-05,1555.73
2011-06-07,1555.74
2011-02-27,1555.76
2010-10-31,1555.77
2019-12-15,1555.77
2010-12-30,1555.8
2018-03-01,1555.8
2011-01-29,1555.81
2011-03-29,1555.82
2019-12-05,1555.82
2019-11-25,1555.82
2019-11-05,1555.83
2018-09-25,1555.83
2018-11-04,1555.84
2019-04-21,1555.86
2010-12-20,1555.87
2018-09-15,1555.89
2010-12-10,1555.91
2010-10-21,1555.92
2018-05-29,1555.93
2010-11-10,1555.96
2018-10-25,1555.97
2019-01-02,1555.99
2018-11-23,1555.99
2011-08-25,1556.0
2010-11-20,1556.01
2011-01-19,1556.01
2018-12-03,1556.01
2011-08-05,1556.02
2018-07-27,1556.03
2018-03-20,1556.06
2018-10-15,1556.07
2011-07-26,1556.12
2011-07-16,1556.12
2018-06-08,1556.12
2017-10-03,1556.14
2010-11-30,1556.16
2018-06-18,1556.28
2018-06-28,1556.29
2013-06-19,1556.31
2018-12-23,1556.32
2018-12-13,1556.34
2018-02-19,1556.36
2011-10-04,1556.36
2018-04-09,1556.37
2012-04-29,1556.39
2017-11-21,1556.4
2012-04-09,1556.41
2018-08-16,1556.43
2018-07-17,1556.43
2018-04-19,1556.43
2017-10-23,1556.43
2018-05-09,1556.44
2018-04-29,1556.44
2018-07-08,1556.45
2012-04-19,1556.46
2018-02-09,1556.49
2017-02-07,1556.51
2011-09-14,1556.52
2018-05-19,1556.53
2018-08-06,1556.54
2017-10-13,1556.55
2016-11-10,1556.57
2013-05-01,1556.58
2011-09-24,1556.59
2018-01-30,1556.63
2018-03-30,1556.64
2017-09-23,1556.68
2013-06-09,1556.69
2012-03-20,1556.78
2012-06-27,1556.81
2014-04-13,1556.82
2013-05-20,1556.83
2012-06-17,1556.83
2012-01-01,1556.83
2012-03-30,1556.87
2017-11-02,1556.91
2017-09-03,1556.93
2013-07-29,1556.93
2013-04-11,1556.93
2013-04-21,1556.95
2012-02-19,1556.95
2017-11-12,1556.96
2018-01-10,1556.97
2017-12-31,1556.98
2012-01-31,1556.99
2012-05-19,1557.01
2016-07-04,1557.02
2016-07-24,1557.03
2015-07-23,1557.06
2017-09-13,1557.06
2013-03-22,1557.07
2016-05-15,1557.07
2015-03-26,1557.07
2017-12-11,1557.07
2012-08-26,1557.1
2016-08-22,1557.11
2013-03-12,1557.11
2013-02-10,1557.11
2012-03-10,1557.14
2015-07-03,1557.15
2017-12-21,1557.16
2016-04-15,1557.17
2016-02-26,1557.17
2013-07-09,1557.18
2017-12-01,1557.18
2013-07-19,1557.19
2016-03-07,1557.19
2016-06-14,1557.19
2016-12-09,1557.2
2012-08-06,1557.21
2016-06-04,1557.21
2015-07-13,1557.22
2011-12-22,1557.23
2011-10-23,1557.23
2012-07-27,1557.24
2016-07-14,1557.26
2015-05-04,1557.27
2011-12-02,1557.28
2014-04-03,1557.28
2012-07-07,1557.29
2013-01-21,1557.29
2011-12-12,1557.3
2016-03-17,1557.3
2013-08-08,1557.31
2014-05-22,1557.31
2016-10-01,1557.31
2013-06-29,1557.34
2014-06-01,1557.34
2016-05-25,1557.34
2012-12-03,1557.35
2015-10-10,1557.36
2016-09-01,1557.37
2012-02-29,1557.37
2011-11-02,1557.37
2015-08-12,1557.38
2016-08-12,1557.38
2013-03-02,1557.39
2012-12-23,1557.39
2013-01-02,1557.39
2012-01-11,1557.41
2013-01-31,1557.42
2015-11-09,1557.43
2015-06-23,1557.43
2012-07-17,1557.44
2016-02-16,1557.44
2015-04-15,1557.45
2013-09-26,1557.45
2013-02-20,1557.46
2011-11-12,1557.47
2013-01-12,1557.47
2014-03-24,1557.48
2012-10-14,1557.48
2015-08-31,1557.51
2015-10-20,1557.52
2012-09-15,1557.52
2011-11-22,1557.52
2015-08-02,1557.53
2016-09-21,1557.53
2012-11-23,1557.54
2015-03-16,1557.54
2016-09-11,1557.56
2014-05-12,1557.56
2013-08-28,1557.56
2015-12-09,1557.57
2015-09-20,1557.57
2012-12-13,1557.57
2015-09-10,1557.57
2015-12-28,1557.6
2016-01-07,1557.6
2016-02-06,1557.61
2014-03-04,1557.61
2013-12-05,1557.64
2014-06-11,1557.64
2015-06-03,1557.67
2015-11-19,1557.68
2015-02-24,1557.7
2015-05-14,1557.72
2015-04-05,1557.73
2015-11-29,1557.75
2015-12-18,1557.76
2014-08-10,1557.76
2014-09-08,1557.77
2016-01-17,1557.77
2015-01-15,1557.78
2015-03-06,1557.78
2015-06-13,1557.78
2012-10-24,1557.79
2014-07-31,1557.79
2016-01-27,1557.82
2014-08-29,1557.83
2013-09-16,1557.83
2014-02-22,1557.84
2014-11-07,1557.85
2014-02-12,1557.88
2014-01-04,1557.88
2013-10-06,1557.89
2012-11-13,1557.89
2015-02-14,1557.9
2014-08-20,1557.9
2015-01-25,1557.91
2014-12-26,1557.92
2013-12-15,1557.92
2013-10-26,1557.95
2013-12-25,1557.95
2014-07-21,1557.97
2015-02-04,1557.97
2013-11-15,1557.97
2015-09-30,1557.99
2015-08-21,1557.99
2013-11-25,1557.99
2014-07-11,1558.02
2013-10-16,1558.03
2015-01-05,1558.05
2012-11-03,1558.06
2014-06-21,1558.09
2014-09-28,1558.11
2014-10-08,1558.17
2014-12-07,1558.18
2014-11-17,1558.21
2015-05-24,1558.23
2014-12-17,1558.26
2014-11-27,1558.34
2014-10-28,1558.39
2014-10-18,1558.47
