date,year,month,doy,chirps_precip_mm
2010-01-01,2010,1,1,0.0
2010-01-02,2010,1,2,0.0
2010-01-03,2010,1,3,0.0
2010-01-04,2010,1,4,2.027161424396992
2010-01-05,2010,1,5,0.0
2010-01-06,2010,1,6,0.0
2010-01-07,2010,1,7,0.0
2010-01-08,2010,1,8,0.8784025761952439
2010-01-09,2010,1,9,0.0
2010-01-10,2010,1,10,0.0
2010-01-11,2010,1,11,0.0
2010-01-12,2010,1,12,0.0
2010-01-13,2010,1,13,0.0
2010-01-14,2010,1,14,0.0
2010-01-15,2010,1,15,0.0
2010-01-16,2010,1,16,0.0
2010-01-17,2010,1,17,0.0
2010-01-18,2010,1,18,0.0
2010-01-19,2010,1,19,0.0
2010-01-20,2010,1,20,0.0
2010-01-21,2010,1,21,0.0
2010-01-22,2010,1,22,0.0
2010-01-23,2010,1,23,0.0
2010-01-24,2010,1,24,0.0
2010-01-25,2010,1,25,0.0
2010-01-26,2010,1,26,0.0
2010-01-27,2010,1,27,0.0
2010-01-28,2010,1,28,0.0
2010-01-29,2010,1,29,0.0
2010-01-30,2010,1,30,1.3430914619894445
2010-01-31,2010,1,31,1.4745649642406002
2010-02-01,2010,2,32,4.9293176659990205
2010-02-02,2010,2,33,0.0
2010-02-03,2010,2,34,0.0
2010-02-04,2010,2,35,0.0
2010-02-05,2010,2,36,0.0
2010-02-06,2010,2,37,0.0
2010-02-07,2010,2,38,0.0034331392812851466
2010-02-08,2010,2,39,0.0
2010-02-09,2010,2,40,0.0
2010-02-10,2010,2,41,0.0
2010-02-11,2010,2,42,0.0
2010-02-12,2010,2,43,0.0
2010-02-13,2010,2,44,1.769310915378188
2010-02-14,2010,2,45,0.0
2010-02-15,2010,2,46,0.0063107172035210745
2010-02-16,2010,2,47,4.766979730527627
2010-02-17,2010,2,48,5.910334469726582
2010-02-18,2010,2,49,1.0263964765686815
2010-02-19,2010,2,50,1.0207055899048834
2010-02-20,2010,2,51,1.0207055899048834
2010-02-21,2010,2,52,0.0
2010-02-22,2010,2,53,2.0262402078486352
2010-02-23,2010,2,54,0.0
2010-02-24,2010,2,55,0.8593653704022994
2010-02-25,2010,2,56,0.4074340763516986
2010-02-26,2010,2,57,0.0
2010-02-27,2010,2,58,0.0
2010-02-28,2010,2,59,0.0
2010-03-01,2010,3,60,0.0
2010-03-02,2010,3,61,0.0
2010-03-03,2010,3,62,0.0
2010-03-04,2010,3,63,21.308302363985714
2010-03-05,2010,3,64,1.0480013220557416
2010-03-06,2010,3,65,0.0
2010-03-07,2010,3,66,0.0
2010-03-08,2010,3,67,0.0
2010-03-09,2010,3,68,0.0
2010-03-10,2010,3,69,0.0
2010-03-11,2010,3,70,0.0
2010-03-12,2010,3,71,0.0
2010-03-13,2010,3,72,0.0
2010-03-14,2010,3,73,0.0
2010-03-15,2010,3,74,0.0
2010-03-16,2010,3,75,0.0
2010-03-17,2010,3,76,1.190565893766506
2010-03-18,2010,3,77,0.0
2010-03-19,2010,3,78,1.202839829621401
2010-03-20,2010,3,79,0.0
2010-03-21,2010,3,80,0.0
2010-03-22,2010,3,81,0.0
2010-03-23,2010,3,82,0.0
2010-03-24,2010,3,83,2.744365687439762
2010-03-25,2010,3,84,0.0
2010-03-26,2010,3,85,0.0
2010-03-27,2010,3,86,0.0
2010-03-28,2010,3,87,0.0
2010-03-29,2010,3,88,1.3883841869252915
2010-03-30,2010,3,89,0.0
2010-03-31,2010,3,90,0.0
2010-04-01,2010,4,91,0.0
2010-04-02,2010,4,92,0.0
2010-04-03,2010,4,93,0.0
2010-04-04,2010,4,94,0.0
2010-04-05,2010,4,95,1.447755283234767
2010-04-06,2010,4,96,2.970524519656393
2010-04-07,2010,4,97,0.10364411874724538
2010-04-08,2010,4,98,0.25732674870413397
2010-04-09,2010,4,99,8.092412193565156
2010-04-10,2010,4,100,0.0
2010-04-11,2010,4,101,0.0
2010-04-12,2010,4,102,0.0
2010-04-13,2010,4,103,10.0673198872585
2010-04-14,2010,4,104,0.0
2010-04-15,2010,4,105,18.123790132866624
2010-04-16,2010,4,106,11.129707701919216
2010-04-17,2010,4,107,15.199186538362875
2010-04-18,2010,4,108,8.799658887796966
2010-04-19,2010,4,109,0.0
2010-04-20,2010,4,110,0.04283844147774534
2010-04-21,2010,4,111,0.30819095932936813
2010-04-22,2010,4,112,0.008639548998565477
2010-04-23,2010,4,113,0.07273984841536331
2010-04-24,2010,4,114,2.5959943387890436
2010-04-25,2010,4,115,5.367965963066594
2010-04-26,2010,4,116,0.0
2010-04-27,2010,4,117,1.2016535941208135
2010-04-28,2010,4,118,7.400796589988261
2010-04-29,2010,4,119,11.855958796814148
2010-04-30,2010,4,120,1.6482602355821376
2010-05-01,2010,5,121,18.31501049268113
2010-05-02,2010,5,122,8.500036422319665
2010-05-03,2010,5,123,0.0
2010-05-04,2010,5,124,0.0
2010-05-05,2010,5,125,1.5262561722402401
2010-05-06,2010,5,126,0.0
2010-05-07,2010,5,127,0.0
2010-05-08,2010,5,128,0.0
2010-05-09,2010,5,129,0.0
2010-05-10,2010,5,130,0.0
2010-05-11,2010,5,131,0.0
2010-05-12,2010,5,132,0.0
2010-05-13,2010,5,133,2.6295966025898365
2010-05-14,2010,5,134,8.84269076386577
2010-05-15,2010,5,135,4.819891748616302
2010-05-16,2010,5,136,6.598613437261965
2010-05-17,2010,5,137,6.85190150987009
2010-05-18,2010,5,138,20.18733260931883
2010-05-19,2010,5,139,14.12661237990437
2010-05-20,2010,5,140,14.313760331275633
2010-05-21,2010,5,141,27.045768577417142
2010-05-22,2010,5,142,12.670059796879205
2010-05-23,2010,5,143,0.047146474385527125
2010-05-24,2010,5,144,8.896345367723791
2010-05-25,2010,5,145,14.570296528202507
2010-05-26,2010,5,146,48.41826052939475
2010-05-27,2010,5,147,40.27438398416776
2010-05-28,2010,5,148,38.828165981436555
2010-05-29,2010,5,149,78.20843349692142
2010-05-30,2010,5,150,51.381227049137046
2010-05-31,2010,5,151,8.988242682066348
2010-06-01,2010,6,152,5.991661322964698
2010-06-02,2010,6,153,0.0
2010-06-03,2010,6,154,4.11138636619491
2010-06-04,2010,6,155,16.76811593449208
2010-06-05,2010,6,156,3.393255969603652
2010-06-06,2010,6,157,2.9836065706883934
2010-06-07,2010,6,158,0.0
2010-06-08,2010,6,159,13.49079020532054
2010-06-09,2010,6,160,2.7057234134649555
2010-06-10,2010,6,161,20.675894365825506
2010-06-11,2010,6,162,9.805250741317934
2010-06-12,2010,6,163,0.8157613732003717
2010-06-13,2010,6,164,12.259456836983189
2010-06-14,2010,6,165,5.3251648940075755
2010-06-15,2010,6,166,13.108066487026298
2010-06-16,2010,6,167,21.603420423664595
2010-06-17,2010,6,168,18.121932059143383
2010-06-18,2010,6,169,0.3432667032714164
2010-06-19,2010,6,170,15.551372261259836
2010-06-20,2010,6,171,18.085089985386574
2010-06-21,2010,6,172,0.05022005434207867
2010-06-22,2010,6,173,3.6890527581494394
2010-06-23,2010,6,174,6.74023537024945
2010-06-24,2010,6,175,6.74023537024945
2010-06-25,2010,6,176,0.22441068314647922
2010-06-26,2010,6,177,24.94202666826093
2010-06-27,2010,6,178,27.756957834157156
2010-06-28,2010,6,179,12.440246727493145
2010-06-29,2010,6,180,14.941817290167986
2010-06-30,2010,6,181,41.71289746947237
2010-07-01,2010,7,182,0.2658185432788747
2010-07-02,2010,7,183,6.035190318830011
2010-07-03,2010,7,184,13.16725387957327
2010-07-04,2010,7,185,7.5303267532673885
2010-07-05,2010,7,186,14.140661919127188
2010-07-06,2010,7,187,10.780369651654693
2010-07-07,2010,7,188,13.330046618403589
2010-07-08,2010,7,189,16.07395198228733
2010-07-09,2010,7,190,14.745527945937717
2010-07-10,2010,7,191,5.7224605083465585
2010-07-11,2010,7,192,3.531889482042988
2010-07-12,2010,7,193,11.920321491710531
2010-07-13,2010,7,194,16.68840146289489
2010-07-14,2010,7,195,15.06042752719477
2010-07-15,2010,7,196,0.0
2010-07-16,2010,7,197,1.8824873308698238
2010-07-17,2010,7,198,7.821516980293376
2010-07-18,2010,7,199,15.955862365222536
2010-07-19,2010,7,200,3.8901538815167385
2010-07-20,2010,7,201,5.709452257160459
2010-07-21,2010,7,202,16.149089803426
2010-07-22,2010,7,203,13.832827807902882
2010-07-23,2010,7,204,5.627037598316551
2010-07-24,2010,7,205,3.5479884187482633
2010-07-25,2010,7,206,5.584936014535393
2010-07-26,2010,7,207,10.759831114415952
2010-07-27,2010,7,208,7.712312342779395
2010-07-28,2010,7,209,6.198612973132293
2010-07-29,2010,7,210,0.0
2010-07-30,2010,7,211,21.662107534457604
2010-07-31,2010,7,212,10.198150623529104
2010-08-01,2010,8,213,6.985527795302939
2010-08-02,2010,8,214,19.94858523424405
2010-08-03,2010,8,215,20.521598346231325
2010-08-04,2010,8,216,14.095884132712133
2010-08-05,2010,8,217,7.372460648762232
2010-08-06,2010,8,218,19.501747346884585
2010-08-07,2010,8,219,9.367949625315987
2010-08-08,2010,8,220,7.788179371432555
2010-08-09,2010,8,221,8.721014425401108
2010-08-10,2010,8,222,5.579509035378515
2010-08-11,2010,8,223,7.875006813622993
2010-08-12,2010,8,224,13.213609268651014
2010-08-13,2010,8,225,5.900417256375717
2010-08-14,2010,8,226,7.000373149694496
2010-08-15,2010,8,227,7.759693675094317
2010-08-16,2010,8,228,2.407041567558903
2010-08-17,2010,8,229,8.925812299984996
2010-08-18,2010,8,230,12.751478038696318
2010-08-19,2010,8,231,4.006059100307147
2010-08-20,2010,8,232,4.076857924972116
2010-08-21,2010,8,233,6.760683357051631
2010-08-22,2010,8,234,3.099064001183073
2010-08-23,2010,8,235,13.085443937380086
2010-08-24,2010,8,236,7.356373596313986
2010-08-25,2010,8,237,30.968689158520544
2010-08-26,2010,8,238,5.33399182920693
2010-08-27,2010,8,239,14.837989489543915
2010-08-28,2010,8,240,24.470377390468443
2010-08-29,2010,8,241,27.81061226522811
2010-08-30,2010,8,242,5.105578835131066
2010-08-31,2010,8,243,11.093615611496396
2010-09-01,2010,9,244,11.116476498205843
2010-09-02,2010,9,245,24.008342616866567
2010-09-03,2010,9,246,7.361349625983806
2010-09-04,2010,9,247,46.269019870136994
2010-09-05,2010,9,248,59.50246740470304
2010-09-06,2010,9,249,22.51068555093159
2010-09-07,2010,9,250,2.9496792971628185
2010-09-08,2010,9,251,2.3076178261430838
2010-09-09,2010,9,252,14.120739000724138
2010-09-10,2010,9,253,13.07497632718025
2010-09-11,2010,9,254,20.58668702978708
2010-09-12,2010,9,255,2.528172407174785
2010-09-13,2010,9,256,0.5081954970764317
2010-09-14,2010,9,257,0.0
2010-09-15,2010,9,258,2.3348649216188564
2010-09-16,2010,9,259,12.41541009952395
2010-09-17,2010,9,260,13.151369974259751
2010-09-18,2010,9,261,9.018576684320905
2010-09-19,2010,9,262,0.0
2010-09-20,2010,9,263,3.579156847927646
2010-09-21,2010,9,264,11.678128638018274
2010-09-22,2010,9,265,10.472227067853412
2010-09-23,2010,9,266,3.4332382517588274
2010-09-24,2010,9,267,5.784224251599627
2010-09-25,2010,9,268,25.99342295198024
2010-09-26,2010,9,269,12.774118464322
2010-09-27,2010,9,270,8.972563628774477
2010-09-28,2010,9,271,29.827345448471895
2010-09-29,2010,9,272,19.220028897279743
2010-09-30,2010,9,273,30.91338837340845
2010-10-01,2010,10,274,0.0
2010-10-02,2010,10,275,38.075650412503116
2010-10-03,2010,10,276,2.3593401078393343
2010-10-04,2010,10,277,0.0
2010-10-05,2010,10,278,0.0
2010-10-06,2010,10,279,0.0
2010-10-07,2010,10,280,0.0
2010-10-08,2010,10,281,0.0
2010-10-09,2010,10,282,0.0
2010-10-10,2010,10,283,0.0
2010-10-11,2010,10,284,0.0
2010-10-12,2010,10,285,0.0
2010-10-13,2010,10,286,0.2314401738339239
2010-10-14,2010,10,287,0.0
2010-10-15,2010,10,288,0.0
2010-10-16,2010,10,289,6.94192896220249
2010-10-17,2010,10,290,6.94192896220249
2010-10-18,2010,10,291,1.9269176484584403
2010-10-19,2010,10,292,0.0
2010-10-20,2010,10,293,14.550472502026071
2010-10-21,2010,10,294,6.266655565840421
2010-10-22,2010,10,295,1.0047079854881853
2010-10-23,2010,10,296,0.0
2010-10-24,2010,10,297,0.0
2010-10-25,2010,10,298,0.0
2010-10-26,2010,10,299,5.375063436707577
2010-10-27,2010,10,300,7.1233319046156165
2010-10-28,2010,10,301,0.2264047200187415
2010-10-29,2010,10,302,4.934847450807959
2010-10-30,2010,10,303,0.0
2010-10-31,2010,10,304,0.0
2010-11-01,2010,11,305,0.0
2010-11-02,2010,11,306,0.0
2010-11-03,2010,11,307,15.949205375677925
2010-11-04,2010,11,308,10.596782750928107
2010-11-05,2010,11,309,0.0
2010-11-06,2010,11,310,0.0
2010-11-07,2010,11,311,0.0
2010-11-08,2010,11,312,0.0
2010-11-09,2010,11,313,3.3948873650751876
2010-11-10,2010,11,314,0.0
2010-11-11,2010,11,315,0.0
2010-11-12,2010,11,316,0.0
2010-11-13,2010,11,317,0.0
2010-11-14,2010,11,318,0.0
2010-11-15,2010,11,319,0.0
2010-11-16,2010,11,320,0.0
2010-11-17,2010,11,321,0.0
2010-11-18,2010,11,322,0.0
2010-11-19,2010,11,323,0.0
2010-11-20,2010,11,324,5.638441791162599
2010-11-21,2010,11,325,7.139670128483188
2010-11-22,2010,11,326,0.0
2010-11-23,2010,11,327,0.0
2010-11-24,2010,11,328,0.0
2010-11-25,2010,11,329,0.0
2010-11-26,2010,11,330,0.0
2010-11-27,2010,11,331,0.0
2010-11-28,2010,11,332,0.0
2010-11-29,2010,11,333,0.0
2010-11-30,2010,11,334,0.0
2010-12-01,2010,12,335,0.0
2010-12-02,2010,12,336,0.0
2010-12-03,2010,12,337,10.537418761617014
2010-12-04,2010,12,338,4.626473108161284
2010-12-05,2010,12,339,1.2084761457557645
2010-12-06,2010,12,340,0.0
2010-12-07,2010,12,341,0.0
2010-12-08,2010,12,342,0.181650705131181
2010-12-09,2010,12,343,0.0
2010-12-10,2010,12,344,0.0
2010-12-11,2010,12,345,0.0
2010-12-12,2010,12,346,0.0
2010-12-13,2010,12,347,0.0
2010-12-14,2010,12,348,0.0
2010-12-15,2010,12,349,0.0
2010-12-16,2010,12,350,0.0
2010-12-17,2010,12,351,0.0
2010-12-18,2010,12,352,0.0
2010-12-19,2010,12,353,0.0
2010-12-20,2010,12,354,0.0
2010-12-21,2010,12,355,0.0
2010-12-22,2010,12,356,0.0
2010-12-23,2010,12,357,0.0
2010-12-24,2010,12,358,0.0
2010-12-25,2010,12,359,0.0
2010-12-26,2010,12,360,0.0
2010-12-27,2010,12,361,0.0
2010-12-28,2010,12,362,0.0
2010-12-29,2010,12,363,0.0
2010-12-30,2010,12,364,0.0
2010-12-31,2010,12,365,0.0
2011-01-01,2011,1,1,0.0
2011-01-02,2011,1,2,0.0
2011-01-03,2011,1,3,0.0021624669317721096
2011-01-04,2011,1,4,0.0
2011-01-05,2011,1,5,0.0
2011-01-06,2011,1,6,0.0
2011-01-07,2011,1,7,0.0
2011-01-08,2011,1,8,0.0
2011-01-09,2011,1,9,0.0
2011-01-10,2011,1,10,0.0
2011-01-11,2011,1,11,2.262117111846332
2011-01-12,2011,1,12,0.0
2011-01-13,2011,1,13,0.0
2011-01-14,2011,1,14,0.0
2011-01-15,2011,1,15,0.0
2011-01-16,2011,1,16,0.0
2011-01-17,2011,1,17,0.0
2011-01-18,2011,1,18,0.0
2011-01-19,2011,1,19,0.0
2011-01-20,2011,1,20,0.0
2011-01-21,2011,1,21,0.0
2011-01-22,2011,1,22,1.3134813232103169
2011-01-23,2011,1,23,0.0
2011-01-24,2011,1,24,0.0
2011-01-25,2011,1,25,0.0
2011-01-26,2011,1,26,0.0
2011-01-27,2011,1,27,0.0
2011-01-28,2011,1,28,1.6595381927878405
2011-01-29,2011,1,29,0.004212011101926201
2011-01-30,2011,1,30,0.18853188306731655
2011-01-31,2011,1,31,0.3239397317962761
2011-02-01,2011,2,32,0.0
2011-02-02,2011,2,33,0.0
2011-02-03,2011,2,34,0.0
2011-02-04,2011,2,35,0.0
2011-02-05,2011,2,36,0.0
2011-02-06,2011,2,37,0.0
2011-02-07,2011,2,38,0.0
2011-02-08,2011,2,39,0.0
2011-02-09,2011,2,40,0.0
2011-02-10,2011,2,41,0.0
2011-02-11,2011,2,42,0.0
2011-02-12,2011,2,43,0.0
2011-02-13,2011,2,44,0.0
2011-02-14,2011,2,45,3.7978344767545176
2011-02-15,2011,2,46,4.386786563486347
2011-02-16,2011,2,47,0.0034604590472341505
2011-02-17,2011,2,48,0.0
2011-02-18,2011,2,49,0.0
2011-02-19,2011,2,50,0.0
2011-02-20,2011,2,51,0.11514009771535003
2011-02-21,2011,2,52,0.0
2011-02-22,2011,2,53,0.00875268834415622
2011-02-23,2011,2,54,1.4282978855858732
2011-02-24,2011,2,55,2.3937076397604073
2011-02-25,2011,2,56,0.849999541692889
2011-02-26,2011,2,57,0.0
2011-02-27,2011,2,58,1.0103952844835493
2011-02-28,2011,2,59,5.702357267659244
2011-03-01,2011,3,60,0.0
2011-03-02,2011,3,61,0.0
2011-03-03,2011,3,62,0.0
2011-03-04,2011,3,63,0.0
2011-03-05,2011,3,64,0.0
2011-03-06,2011,3,65,0.0
2011-03-07,2011,3,66,0.0
2011-03-08,2011,3,67,0.953184689020845
2011-03-09,2011,3,68,0.0
2011-03-10,2011,3,69,0.0
2011-03-11,2011,3,70,0.0
2011-03-12,2011,3,71,0.0
2011-03-13,2011,3,72,0.0
2011-03-14,2011,3,73,0.0
2011-03-15,2011,3,74,0.1384093583702735
2011-03-16,2011,3,75,0.0
2011-03-17,2011,3,76,24.977339137387055
2011-03-18,2011,3,77,0.0
2011-03-19,2011,3,78,0.0
2011-03-20,2011,3,79,0.0
2011-03-21,2011,3,80,16.35844153681676
2011-03-22,2011,3,81,0.0
2011-03-23,2011,3,82,0.0
2011-03-24,2011,3,83,0.0
2011-03-25,2011,3,84,0.0
2011-03-26,2011,3,85,0.0
2011-03-27,2011,3,86,0.0
2011-03-28,2011,3,87,0.0
2011-03-29,2011,3,88,0.0
2011-03-30,2011,3,89,0.0
2011-03-31,2011,3,90,0.0
2011-04-01,2011,4,91,0.0
2011-04-02,2011,4,92,0.735140058865584
2011-04-03,2011,4,93,0.0
2011-04-04,2011,4,94,0.0
2011-04-05,2011,4,95,0.0
2011-04-06,2011,4,96,0.0
2011-04-07,2011,4,97,0.0
2011-04-08,2011,4,98,10.277562032270962
2011-04-09,2011,4,99,0.0
2011-04-10,2011,4,100,0.0
2011-04-11,2011,4,101,0.0
2011-04-12,2011,4,102,0.0
2011-04-13,2011,4,103,0.0
2011-04-14,2011,4,104,0.0
2011-04-15,2011,4,105,0.0
2011-04-16,2011,4,106,0.0
2011-04-17,2011,4,107,0.0
2011-04-18,2011,4,108,1.877487943738367
2011-04-19,2011,4,109,0.0
2011-04-20,2011,4,110,7.118449270776326
2011-04-21,2011,4,111,18.7144843327662
2011-04-22,2011,4,112,13.214483017786609
2011-04-23,2011,4,113,1.2118436854521026
2011-04-24,2011,4,114,0.0
2011-04-25,2011,4,115,8.679222534738654
2011-04-26,2011,4,116,7.973096826338012
2011-04-27,2011,4,117,2.1764259034482047
2011-04-28,2011,4,118,0.0
2011-04-29,2011,4,119,0.0
2011-04-30,2011,4,120,4.226850071342562
2011-05-01,2011,5,121,0.0
2011-05-02,2011,5,122,0.0
2011-05-03,2011,5,123,0.0
2011-05-04,2011,5,124,0.0
2011-05-05,2011,5,125,0.0
2011-05-06,2011,5,126,0.0
2011-05-07,2011,5,127,1.803728245626481
2011-05-08,2011,5,128,0.0
2011-05-09,2011,5,129,0.2825172948806635
2011-05-10,2011,5,130,11.337182895076918
2011-05-11,2011,5,131,4.764179624597946
2011-05-12,2011,5,132,5.3515236482420026
2011-05-13,2011,5,133,5.772399854333153
2011-05-14,2011,5,134,5.678824845142822
2011-05-15,2011,5,135,16.566628482879075
2011-05-16,2011,5,136,7.493314126539968
2011-05-17,2011,5,137,17.076581544005784
2011-05-18,2011,5,138,1.2853232930640228
2011-05-19,2011,5,139,3.462962069849531
2011-05-20,2011,5,140,0.0
2011-05-21,2011,5,141,5.7212104699299084
2011-05-22,2011,5,142,11.442420939859817
2011-05-23,2011,5,143,0.0
2011-05-24,2011,5,144,0.0
2011-05-25,2011,5,145,0.46889630177129304
2011-05-26,2011,5,146,10.484374887021874
2011-05-27,2011,5,147,15.474145233477907
2011-05-28,2011,5,148,2.053497694043288
2011-05-29,2011,5,149,16.67635485037025
2011-05-30,2011,5,150,6.906029685501779
2011-05-31,2011,5,151,0.44926377740188245
2011-06-01,2011,6,152,3.605681241784427
2011-06-02,2011,6,153,5.155302508426918
2011-06-03,2011,6,154,2.537014609386294
2011-06-04,2011,6,155,6.983287114870272
2011-06-05,2011,6,156,5.130064652429858
2011-06-06,2011,6,157,5.180718632876208
2011-06-07,2011,6,158,5.605723348047964
2011-06-08,2011,6,159,2.7407520445576057
2011-06-09,2011,6,160,16.170960746469312
2011-06-10,2011,6,161,4.6620554795301965
2011-06-11,2011,6,162,3.536885148353216
2011-06-12,2011,6,163,2.9266958569704
2011-06-13,2011,6,164,5.86966138695077
2011-06-14,2011,6,165,5.440135185240473
2011-06-15,2011,6,166,5.536451234813418
2011-06-16,2011,6,167,15.520152992638337
2011-06-17,2011,6,168,1.1837371104582826
2011-06-18,2011,6,169,6.918284492198484
2011-06-19,2011,6,170,17.87352289260711
2011-06-20,2011,6,171,19.74605643391711
2011-06-21,2011,6,172,11.231119750500136
2011-06-22,2011,6,173,18.165552364216982
2011-06-23,2011,6,174,0.2008628052529251
2011-06-24,2011,6,175,16.399912139137484
2011-06-25,2011,6,176,2.291789660621323
2011-06-26,2011,6,177,5.100731897681008
2011-06-27,2011,6,178,7.5317695501428865
2011-06-28,2011,6,179,12.602512845956266
2011-06-29,2011,6,180,22.502164453344673
2011-06-30,2011,6,181,25.680812362125014
2011-07-01,2011,7,182,14.852372132618406
2011-07-02,2011,7,183,24.200490019519613
2011-07-03,2011,7,184,5.190048771887226
2011-07-04,2011,7,185,4.115850513065178
2011-07-05,2011,7,186,31.452237241985245
2011-07-06,2011,7,187,6.490146238526015
2011-07-07,2011,7,188,18.82137462861945
2011-07-08,2011,7,189,7.803017359823882
2011-07-09,2011,7,190,17.803460391852834
2011-07-10,2011,7,191,13.29732036396491
2011-07-11,2011,7,192,1.3407454376253392
2011-07-12,2011,7,193,24.088179410167918
2011-07-13,2011,7,194,0.5917081426327926
2011-07-14,2011,7,195,15.493071808402314
2011-07-15,2011,7,196,3.6221204882722278
2011-07-16,2011,7,197,2.562559864310597
2011-07-17,2011,7,198,26.142423637728463
2011-07-18,2011,7,199,18.159225376630914
2011-07-19,2011,7,200,0.4528015468911218
2011-07-20,2011,7,201,1.7733047760339915
2011-07-21,2011,7,202,0.7421213427260072
2011-07-22,2011,7,203,0.042254980956782824
2011-07-23,2011,7,204,10.763550952140756
2011-07-24,2011,7,205,0.0
2011-07-25,2011,7,206,0.012394560435539449
2011-07-26,2011,7,207,16.428940051216905
2011-07-27,2011,7,208,22.653652647569224
2011-07-28,2011,7,209,12.495520474876006
2011-07-29,2011,7,210,5.384503735368234
2011-07-30,2011,7,211,6.918325382312754
2011-07-31,2011,7,212,0.0
2011-08-01,2011,8,213,4.924822018712428
2011-08-02,2011,8,214,14.107313808969892
2011-08-03,2011,8,215,4.261785755427148
2011-08-04,2011,8,216,0.0
2011-08-05,2011,8,217,14.174741789736908
2011-08-06,2011,8,218,1.8044440382652642
2011-08-07,2011,8,219,4.7212025832700855
2011-08-08,2011,8,220,0.0
2011-08-09,2011,8,221,4.125188881603182
2011-08-10,2011,8,222,4.7212025832700855
2011-08-11,2011,8,223,0.038881824684633394
2011-08-12,2011,8,224,20.410061735113977
2011-08-13,2011,8,225,11.68631309551772
2011-08-14,2011,8,226,20.070202388003434
2011-08-15,2011,8,227,4.724217275727377
2011-08-16,2011,8,228,0.0
2011-08-17,2011,8,229,7.54711894623316
2011-08-18,2011,8,230,5.661514815450634
2011-08-19,2011,8,231,2.2365214817526
2011-08-20,2011,8,232,9.14153457316151
2011-08-21,2011,8,233,0.9458997227130227
2011-08-22,2011,8,234,34.62524101360292
2011-08-23,2011,8,235,8.793046464956817
2011-08-24,2011,8,236,7.8484051146870915
2011-08-25,2011,8,237,9.650388433469496
2011-08-26,2011,8,238,2.9515326610465493
2011-08-27,2011,8,239,4.470065220156182
2011-08-28,2011,8,240,27.279159047405443
2011-08-29,2011,8,241,12.983919560040995
2011-08-30,2011,8,242,0.0
2011-08-31,2011,8,243,12.578624242171328
2011-09-01,2011,9,244,19.065651433326895
2011-09-02,2011,9,245,0.10298120270657969
2011-09-03,2011,9,246,8.81973180969045
2011-09-04,2011,9,247,6.769135949237794
2011-09-05,2011,9,248,8.105189261420117
2011-09-06,2011,9,249,31.719041857846083
2011-09-07,2011,9,250,23.34269147258389
2011-09-08,2011,9,251,7.048213632166028
2011-09-09,2011,9,252,6.744883192433387
2011-09-10,2011,9,253,8.719104859700236
2011-09-11,2011,9,254,5.597952625643217
2011-09-12,2011,9,255,19.555273541958798
2011-09-13,2011,9,256,4.294880224683904
2011-09-14,2011,9,257,7.012453024981874
2011-09-15,2011,9,258,5.423436691338115
2011-09-16,2011,9,259,7.766508646775434
2011-09-17,2011,9,260,1.6537803265408972
2011-09-18,2011,9,261,14.680724991624338
2011-09-19,2011,9,262,22.244686260525754
2011-09-20,2011,9,263,23.242651900983617
2011-09-21,2011,9,264,11.86496573579342
2011-09-22,2011,9,265,16.856730805366798
2011-09-23,2011,9,266,0.0
2011-09-24,2011,9,267,3.14458353650192
2011-09-25,2011,9,268,15.816071756394784
2011-09-26,2011,9,269,14.9476687611937
2011-09-27,2011,9,270,12.657354312976816
2011-09-28,2011,9,271,28.884663209817095
2011-09-29,2011,9,272,2.6533474218365263
2011-09-30,2011,9,273,2.905155810517129
2011-10-01,2011,10,274,11.46805356043266
2011-10-02,2011,10,275,20.231786553024122
2011-10-03,2011,10,276,2.3647098335937855
2011-10-04,2011,10,277,10.199564301160635
2011-10-05,2011,10,278,9.815600577642904
2011-10-06,2011,10,279,3.5739225283992933
2011-10-07,2011,10,280,10.52925764247711
2011-10-08,2011,10,281,10.911682215836075
2011-10-09,2011,10,282,3.3663150684999
2011-10-10,2011,10,283,10.911682215836075
2011-10-11,2011,10,284,6.241732016525008
2011-10-12,2011,10,285,73.44928707214329
2011-10-13,2011,10,286,21.433814092283075
2011-10-14,2011,10,287,33.67096383610441
2011-10-15,2011,10,288,1.8826627956053694
2011-10-16,2011,10,289,3.7307653498629163
2011-10-17,2011,10,290,18.460044551733322
2011-10-18,2011,10,291,0.0
2011-10-19,2011,10,292,42.33597095255784
2011-10-20,2011,10,293,0.0
2011-10-21,2011,10,294,0.0
2011-10-22,2011,10,295,0.0
2011-10-23,2011,10,296,0.0
2011-10-24,2011,10,297,4.040806816241225
2011-10-25,2011,10,298,0.0
2011-10-26,2011,10,299,0.0
2011-10-27,2011,10,300,0.0
2011-10-28,2011,10,301,0.0
2011-10-29,2011,10,302,0.0
2011-10-30,2011,10,303,0.0
2011-10-31,2011,10,304,0.0
2011-11-01,2011,11,305,0.0
2011-11-02,2011,11,306,0.19734947642609924
2011-11-03,2011,11,307,0.0
2011-11-04,2011,11,308,0.0
2011-11-05,2011,11,309,0.0
2011-11-06,2011,11,310,0.0
2011-11-07,2011,11,311,0.0
2011-11-08,2011,11,312,0.0
2011-11-09,2011,11,313,0.0
2011-11-10,2011,11,314,0.0
2011-11-11,2011,11,315,0.0
2011-11-12,2011,11,316,0.0
2011-11-13,2011,11,317,0.0
2011-11-14,2011,11,318,0.0
2011-11-15,2011,11,319,0.6575974248981722
2011-11-16,2011,11,320,1.8283692743396185
2011-11-17,2011,11,321,11.388319252900008
2011-11-18,2011,11,322,22.5912102836774
2011-11-19,2011,11,323,0.0
2011-11-20,2011,11,324,0.0
2011-11-21,2011,11,325,0.0
2011-11-22,2011,11,326,0.0
2011-11-23,2011,11,327,0.0
2011-11-24,2011,11,328,0.0
2011-11-25,2011,11,329,0.0
2011-11-26,2011,11,330,0.0
2011-11-27,2011,11,331,0.0
2011-11-28,2011,11,332,0.0
2011-11-29,2011,11,333,0.0
2011-11-30,2011,11,334,0.0
2011-12-01,2011,12,335,2.3885585017049022
2011-12-02,2011,12,336,0.8965512748038351
2011-12-03,2011,12,337,0.0
2011-12-04,2011,12,338,0.0
2011-12-05,2011,12,339,0.0
2011-12-06,2011,12,340,0.0
2011-12-07,2011,12,341,0.0
2011-12-08,2011,12,342,2.628395147883392
2011-12-09,2011,12,343,0.0
2011-12-10,2011,12,344,0.0
2011-12-11,2011,12,345,0.0
2011-12-12,2011,12,346,0.0
2011-12-13,2011,12,347,0.0
2011-12-14,2011,12,348,0.0
2011-12-15,2011,12,349,0.0
2011-12-16,2011,12,350,0.0
2011-12-17,2011,12,351,0.0
2011-12-18,2011,12,352,6.203348042113003E-4
2011-12-19,2011,12,353,0.0
2011-12-20,2011,12,354,1.0019881577193483
2011-12-21,2011,12,355,0.0
2011-12-22,2011,12,356,0.18769484344668744
2011-12-23,2011,12,357,0.0
2011-12-24,2011,12,358,1.1642701865876957
2011-12-25,2011,12,359,0.0
2011-12-26,2011,12,360,0.0
2011-12-27,2011,12,361,1.422417200674026
2011-12-28,2011,12,362,0.0
2011-12-29,2011,12,363,0.0
2011-12-30,2011,12,364,1.3663564491394553
2011-12-31,2011,12,365,0.0
2012-01-01,2012,1,1,0.0
2012-01-02,2012,1,2,0.0
2012-01-03,2012,1,3,1.1339691997391603
2012-01-04,2012,1,4,0.0
2012-01-05,2012,1,5,0.0
2012-01-06,2012,1,6,0.0
2012-01-07,2012,1,7,0.0
2012-01-08,2012,1,8,0.0
2012-01-09,2012,1,9,0.0
2012-01-10,2012,1,10,0.0
2012-01-11,2012,1,11,0.0
2012-01-12,2012,1,12,0.0
2012-01-13,2012,1,13,0.0
2012-01-14,2012,1,14,0.0
2012-01-15,2012,1,15,0.0
2012-01-16,2012,1,16,0.0
2012-01-17,2012,1,17,0.0
2012-01-18,2012,1,18,0.0
2012-01-19,2012,1,19,0.0
2012-01-20,2012,1,20,0.0
2012-01-21,2012,1,21,0.0
2012-01-22,2012,1,22,0.0
2012-01-23,2012,1,23,0.0
2012-01-24,2012,1,24,0.6265373093609946
2012-01-25,2012,1,25,0.01457840658807305
2012-01-26,2012,1,26,0.7423357689799461
2012-01-27,2012,1,27,0.0
2012-01-28,2012,1,28,0.0
2012-01-29,2012,1,29,0.17466556290427948
2012-01-30,2012,1,30,1.2953742829366128
2012-01-31,2012,1,31,3.238114101568041
2012-02-01,2012,2,32,1.1860275014519897
2012-02-02,2012,2,33,3.6983267132196045
2012-02-03,2012,2,34,0.0
2012-02-04,2012,2,35,1.5569422334470908
2012-02-05,2012,2,36,0.0
2012-02-06,2012,2,37,0.0
2012-02-07,2012,2,38,0.037352188183082516
2012-02-08,2012,2,39,1.731972620286999
2012-02-09,2012,2,40,0.0
2012-02-10,2012,2,41,3.797234769345556
2012-02-11,2012,2,42,0.0
2012-02-12,2012,2,43,0.0
2012-02-13,2012,2,44,0.0
2012-02-14,2012,2,45,6.128572258565195
2012-02-15,2012,2,46,0.2281907097130835
2012-02-16,2012,2,47,0.0
2012-02-17,2012,2,48,1.2108189317540625
2012-02-18,2012,2,49,0.0
2012-02-19,2012,2,50,0.0
2012-02-20,2012,2,51,0.0
2012-02-21,2012,2,52,0.0
2012-02-22,2012,2,53,0.0
2012-02-23,2012,2,54,0.0
2012-02-24,2012,2,55,0.0
2012-02-25,2012,2,56,0.0
2012-02-26,2012,2,57,0.0
2012-02-27,2012,2,58,0.0
2012-02-28,2012,2,59,0.0
2012-02-29,2012,2,60,0.0
2012-03-01,2012,3,61,0.0
2012-03-02,2012,3,62,0.0
2012-03-03,2012,3,63,0.0
2012-03-04,2012,3,64,0.0
2012-03-05,2012,3,65,0.0
2012-03-06,2012,3,66,0.0
2012-03-07,2012,3,67,1.2012683552559769
2012-03-08,2012,3,68,0.0
2012-03-09,2012,3,69,0.0
2012-03-10,2012,3,70,0.0
2012-03-11,2012,3,71,0.0
2012-03-12,2012,3,72,0.0
2012-03-13,2012,3,73,0.0
2012-03-14,2012,3,74,0.0
2012-03-15,2012,3,75,0.0
2012-03-16,2012,3,76,0.0
2012-03-17,2012,3,77,0.0
2012-03-18,2012,3,78,0.0
2012-03-19,2012,3,79,0.0
2012-03-20,2012,3,80,6.937578628945782
2012-03-21,2012,3,81,0.0
2012-03-22,2012,3,82,0.0
2012-03-23,2012,3,83,0.37870605017961145
2012-03-24,2012,3,84,5.652512283818581
2012-03-25,2012,3,85,5.130215151527547
2012-03-26,2012,3,86,8.950135178793774
2012-03-27,2012,3,87,0.18345003270551294
2012-03-28,2012,3,88,3.1490603331173195
2012-03-29,2012,3,89,0.0
2012-03-30,2012,3,90,0.11125409355404649
2012-03-31,2012,3,91,6.670128949324903
2012-04-01,2012,4,92,0.0
2012-04-02,2012,4,93,0.0
2012-04-03,2012,4,94,0.01586029564302603
2012-04-04,2012,4,95,8.253524701771005
2012-04-05,2012,4,96,6.058876592324346
2012-04-06,2012,4,97,4.8705648216510715
2012-04-07,2012,4,98,0.0
2012-04-08,2012,4,99,6.15185821056366
2012-04-09,2012,4,100,0.0
2012-04-10,2012,4,101,0.6884436288141448
2012-04-11,2012,4,102,5.22787336018112
2012-04-12,2012,4,103,10.43321245735082
2012-04-13,2012,4,104,0.0
2012-04-14,2012,4,105,3.8272120483226
2012-04-15,2012,4,106,8.228696599768694
2012-04-16,2012,4,107,0.4528725353590729
2012-04-17,2012,4,108,15.162142465537494
2012-04-18,2012,4,109,16.027782518534753
2012-04-19,2012,4,110,2.6791833503285125
2012-04-20,2012,4,111,0.20658139520561788
2012-04-21,2012,4,112,0.002434885287346141
2012-04-22,2012,4,113,0.0
2012-04-23,2012,4,114,0.0860312484530373
2012-04-24,2012,4,115,0.0
2012-04-25,2012,4,116,0.0
2012-04-26,2012,4,117,0.0
2012-04-27,2012,4,118,0.0
2012-04-28,2012,4,119,0.0
2012-04-29,2012,4,120,0.0
2012-04-30,2012,4,121,0.0
2012-05-01,2012,5,122,0.0
2012-05-02,2012,5,123,0.48107016903780014
2012-05-03,2012,5,124,0.0
2012-05-04,2012,5,125,0.0
2012-05-05,2012,5,126,8.764166812408451
2012-05-06,2012,5,127,0.13265158094293356
2012-05-07,2012,5,128,4.023165832550585
2012-05-08,2012,5,129,11.258776909690077
2012-05-09,2012,5,130,0.7169716508345616
2012-05-10,2012,5,131,0.0
2012-05-11,2012,5,132,4.99070960944702
2012-05-12,2012,5,133,2.6274081876672226
2012-05-13,2012,5,134,6.087802383311304
2012-05-14,2012,5,135,0.0
2012-05-15,2012,5,136,2.6768667682073217
2012-05-16,2012,5,137,11.825487413157123
2012-05-17,2012,5,138,18.118419475400152
2012-05-18,2012,5,139,14.061378519251088
2012-05-19,2012,5,140,29.875923224157418
2012-05-20,2012,5,141,8.768346082837335
2012-05-21,2012,5,142,7.7638842448170795
2012-05-22,2012,5,143,24.720868168984502
2012-05-23,2012,5,144,11.723189243058824
2012-05-24,2012,5,145,8.496261842350929
2012-05-25,2012,5,146,3.730373299673468
2012-05-26,2012,5,147,31.894429832824592
2012-05-27,2012,5,148,31.841034995048805
2012-05-28,2012,5,149,9.715135387814545
2012-05-29,2012,5,150,9.810869733390383
2012-05-30,2012,5,151,0.0
2012-05-31,2012,5,152,0.0
2012-06-01,2012,6,153,6.058571281194074
2012-06-02,2012,6,154,9.476538887469301
2012-06-03,2012,6,155,6.018733594799613
2012-06-04,2012,6,156,9.599770982038699
2012-06-05,2012,6,157,12.553376693243436
2012-06-06,2012,6,158,6.392184846096807
2012-06-07,2012,6,159,11.556728349859732
2012-06-08,2012,6,160,10.090206142358529
2012-06-09,2012,6,161,3.5713038160030726
2012-06-10,2012,6,162,8.687428795177915
2012-06-11,2012,6,163,6.614190873776936
2012-06-12,2012,6,164,1.2745258721308312
2012-06-13,2012,6,165,16.00567085362952
2012-06-14,2012,6,166,19.875551879354898
2012-06-15,2012,6,167,0.0
2012-06-16,2012,6,168,5.814408865563361
2012-06-17,2012,6,169,17.872261588146472
2012-06-18,2012,6,170,11.661225578268063
2012-06-19,2012,6,171,12.367619485454675
2012-06-20,2012,6,172,1.8791976514389708
2012-06-21,2012,6,173,14.338435178346474
2012-06-22,2012,6,174,14.792372803659445
2012-06-23,2012,6,175,4.670991149945656
2012-06-24,2012,6,176,16.327504915565946
2012-06-25,2012,6,177,0.0
2012-06-26,2012,6,178,16.112393107287584
2012-06-27,2012,6,179,1.0600668009060923
2012-06-28,2012,6,180,6.308341036521173
2012-06-29,2012,6,181,2.423593140302199
2012-06-30,2012,6,182,2.2759088918298556
2012-07-01,2012,7,183,7.166988675422719
2012-07-02,2012,7,184,7.958088839983674
2012-07-03,2012,7,185,1.3717163814983515
2012-07-04,2012,7,186,20.021598768520278
2012-07-05,2012,7,187,0.0
2012-07-06,2012,7,188,8.99593025553196
2012-07-07,2012,7,189,3.961208980667765
2012-07-08,2012,7,190,0.0
2012-07-09,2012,7,191,0.0
2012-07-10,2012,7,192,3.7933765855117434
2012-07-11,2012,7,193,14.096982136892274
2012-07-12,2012,7,194,8.97286769152709
2012-07-13,2012,7,195,0.038716715834747555
2012-07-14,2012,7,196,9.761019015679937
2012-07-15,2012,7,197,2.2136794728096882
2012-07-16,2012,7,198,0.0
2012-07-17,2012,7,199,3.3781914795783208
2012-07-18,2012,7,200,10.859917316563436
2012-07-19,2012,7,201,0.36769763659286825
2012-07-20,2012,7,202,0.005470701640961818
2012-07-21,2012,7,203,5.60261579323959
2012-07-22,2012,7,204,9.429233876782398
2012-07-23,2012,7,205,10.879626261953014
2012-07-24,2012,7,206,0.08685590287202838
2012-07-25,2012,7,207,5.60261579323959
2012-07-26,2012,7,208,0.0
2012-07-27,2012,7,209,4.800636051246624
2012-07-28,2012,7,210,6.447216083938073
2012-07-29,2012,7,211,2.5009735880647854
2012-07-30,2012,7,212,0.19342063427380038
2012-07-31,2012,7,213,6.039067500712224
2012-08-01,2012,8,214,1.8306836923065612
2012-08-02,2012,8,215,8.682420895614477
2012-08-03,2012,8,216,10.828363075558713
2012-08-04,2012,8,217,8.656947499477877
2012-08-05,2012,8,218,16.53759035557483
2012-08-06,2012,8,219,0.0
2012-08-07,2012,8,220,4.104420412373319
2012-08-08,2012,8,221,6.108417279871491
2012-08-09,2012,8,222,8.06418555081146
2012-08-10,2012,8,223,16.75877334199201
2012-08-11,2012,8,224,23.1089086140336
2012-08-12,2012,8,225,11.651696319240939
2012-08-13,2012,8,226,0.39546711105716054
2012-08-14,2012,8,227,0.0
2012-08-15,2012,8,228,5.090169847981993
2012-08-16,2012,8,229,8.292513939694862
2012-08-17,2012,8,230,15.973961436656573
2012-08-18,2012,8,231,25.242035064313182
2012-08-19,2012,8,232,5.237046311937445
2012-08-20,2012,8,233,1.886816089747804
2012-08-21,2012,8,234,5.519235512489116
2012-08-22,2012,8,235,6.11133409159349
2012-08-23,2012,8,236,4.698985682763701
2012-08-24,2012,8,237,17.451708931134316
2012-08-25,2012,8,238,8.175536329764633
2012-08-26,2012,8,239,8.354836801943254
2012-08-27,2012,8,240,8.354836801943254
2012-08-28,2012,8,241,19.444391683625074
2012-08-29,2012,8,242,15.549160681122274
2012-08-30,2012,8,243,19.158013778460163
2012-08-31,2012,8,244,14.39548490051541
2012-09-01,2012,9,245,1.239435560343709
2012-09-02,2012,9,246,0.0
2012-09-03,2012,9,247,7.735629629455475
2012-09-04,2012,9,248,0.927373696721918
2012-09-05,2012,9,249,10.212315110028456
2012-09-06,2012,9,250,22.838080087071724
2012-09-07,2012,9,251,31.084858871466505
2012-09-08,2012,9,252,11.486304740570707
2012-09-09,2012,9,253,0.0
2012-09-10,2012,9,254,0.0
2012-09-11,2012,9,255,0.780987674646533
2012-09-12,2012,9,256,1.837775880849147
2012-09-13,2012,9,257,0.0
2012-09-14,2012,9,258,13.172723926942169
2012-09-15,2012,9,259,6.586361963471084
2012-09-16,2012,9,260,14.717290448039236
2012-09-17,2012,9,261,8.796568044251424
2012-09-18,2012,9,262,0.09615400098998421
2012-09-19,2012,9,263,11.313553327868513
2012-09-20,2012,9,264,0.09482405383870862
2012-09-21,2012,9,265,0.0
2012-09-22,2012,9,266,11.8720607067033
2012-09-23,2012,9,267,0.0
2012-09-24,2012,9,268,8.370027143370931
2012-09-25,2012,9,269,11.975849913651858
2012-09-26,2012,9,270,4.571163329285439
2012-09-27,2012,9,271,15.833462994938339
2012-09-28,2012,9,272,5.222839190291868
2012-09-29,2012,9,273,2.770272905947106
2012-09-30,2012,9,274,3.0635174275874686
2012-10-01,2012,10,275,6.075661935250578
2012-10-02,2012,10,276,24.308020205608063
2012-10-03,2012,10,277,19.30745834638241
2012-10-04,2012,10,278,1.2749932711208183
2012-10-05,2012,10,279,10.486870914008131
2012-10-06,2012,10,280,19.083673196055486
2012-10-07,2012,10,281,18.480812638666045
2012-10-08,2012,10,282,12.81738499197678
2012-10-09,2012,10,283,6.40869249598839
2012-10-10,2012,10,284,10.360761313838843
2012-10-11,2012,10,285,0.2446545508547328
2012-10-12,2012,10,286,0.06305449266360168
2012-10-13,2012,10,287,21.38710984013075
2012-10-14,2012,10,288,0.0
2012-10-15,2012,10,289,0.0
2012-10-16,2012,10,290,0.0
2012-10-17,2012,10,291,0.0
2012-10-18,2012,10,292,0.0
2012-10-19,2012,10,293,0.0
2012-10-20,2012,10,294,2.485050757879259
2012-10-21,2012,10,295,0.0
2012-10-22,2012,10,296,0.0
2012-10-23,2012,10,297,0.0
2012-10-24,2012,10,298,0.0
2012-10-25,2012,10,299,10.155075413810971
2012-10-26,2012,10,300,7.46061218908534
2012-10-27,2012,10,301,15.83028944159739
2012-10-28,2012,10,302,6.637890154823035
2012-10-29,2012,10,303,0.09625882334247449
2012-10-30,2012,10,304,0.851199159381118
2012-10-31,2012,10,305,1.8799433815448634
2012-11-01,2012,11,306,5.04061545867029
2012-11-02,2012,11,307,0.02542760092270303
2012-11-03,2012,11,308,0.6709762409188957
2012-11-04,2012,11,309,6.757779335658982
2012-11-05,2012,11,310,0.0
2012-11-06,2012,11,311,3.0045429243169086
2012-11-07,2012,11,312,1.5714446655071588
2012-11-08,2012,11,313,3.0045429243169086
2012-11-09,2012,11,314,8.584663588212104
2012-11-10,2012,11,315,0.0
2012-11-11,2012,11,316,0.0
2012-11-12,2012,11,317,0.0
2012-11-13,2012,11,318,0.0
2012-11-14,2012,11,319,2.0728556055642646
2012-11-15,2012,11,320,0.0
2012-11-16,2012,11,321,0.0
2012-11-17,2012,11,322,0.0
2012-11-18,2012,11,323,0.0
2012-11-19,2012,11,324,0.0
2012-11-20,2012,11,325,0.0
2012-11-21,2012,11,326,0.0
2012-11-22,2012,11,327,0.0
2012-11-23,2012,11,328,0.0
2012-11-24,2012,11,329,0.0
2012-11-25,2012,11,330,0.0
2012-11-26,2012,11,331,0.0
2012-11-27,2012,11,332,0.0
2012-11-28,2012,11,333,0.0
2012-11-29,2012,11,334,0.0
2012-11-30,2012,11,335,8.48880710321915
2012-12-01,2012,12,336,0.25653191203221154
2012-12-02,2012,12,337,3.1128753489066927
2012-12-03,2012,12,338,2.3034660082754157
2012-12-04,2012,12,339,2.382713583257327
2012-12-05,2012,12,340,1.1764188563609188
2012-12-06,2012,12,341,0.0
2012-12-07,2012,12,342,0.0
2012-12-08,2012,12,343,0.0
2012-12-09,2012,12,344,0.0
2012-12-10,2012,12,345,0.0
2012-12-11,2012,12,346,1.429292346487315
2012-12-12,2012,12,347,0.0
2012-12-13,2012,12,348,0.0
2012-12-14,2012,12,349,0.0
2012-12-15,2012,12,350,0.0
2012-12-16,2012,12,351,0.0
2012-12-17,2012,12,352,0.0
2012-12-18,2012,12,353,0.0
2012-12-19,2012,12,354,0.0
2012-12-20,2012,12,355,0.0
2012-12-21,2012,12,356,0.0
2012-12-22,2012,12,357,1.8226767676757152
2012-12-23,2012,12,358,0.0
2012-12-24,2012,12,359,0.0
2012-12-25,2012,12,360,0.0
2012-12-26,2012,12,361,0.0
2012-12-27,2012,12,362,0.0
2012-12-28,2012,12,363,0.0
2012-12-29,2012,12,364,0.0
2012-12-30,2012,12,365,0.0
2012-12-31,2012,12,366,0.0
2013-01-01,2013,1,1,0.0
2013-01-02,2013,1,2,0.0
2013-01-03,2013,1,3,0.0
2013-01-04,2013,1,4,0.0
2013-01-05,2013,1,5,0.0
2013-01-06,2013,1,6,0.0
2013-01-07,2013,1,7,0.0
2013-01-08,2013,1,8,0.0
2013-01-09,2013,1,9,0.06853906109277878
2013-01-10,2013,1,10,0.0
2013-01-11,2013,1,11,0.0
2013-01-12,2013,1,12,0.0
2013-01-13,2013,1,13,0.0
2013-01-14,2013,1,14,0.0
2013-01-15,2013,1,15,0.0
2013-01-16,2013,1,16,0.0
2013-01-17,2013,1,17,0.0
2013-01-18,2013,1,18,0.0
2013-01-19,2013,1,19,0.0
2013-01-20,2013,1,20,0.0
2013-01-21,2013,1,21,0.0
2013-01-22,2013,1,22,0.0
2013-01-23,2013,1,23,0.0
2013-01-24,2013,1,24,0.819928147696795
2013-01-25,2013,1,25,0.9002563632392637
2013-01-26,2013,1,26,0.0
2013-01-27,2013,1,27,0.0
2013-01-28,2013,1,28,0.0
2013-01-29,2013,1,29,0.0
2013-01-30,2013,1,30,0.0
2013-01-31,2013,1,31,1.4959351751369192
2013-02-01,2013,2,32,0.0
2013-02-02,2013,2,33,0.0
2013-02-03,2013,2,34,0.0
2013-02-04,2013,2,35,0.21941836866539777
2013-02-05,2013,2,36,0.03552943983952409
2013-02-06,2013,2,37,2.954949401695706
2013-02-07,2013,2,38,0.0
2013-02-08,2013,2,39,0.0
2013-02-09,2013,2,40,0.0
2013-02-10,2013,2,41,0.0
2013-02-11,2013,2,42,0.0
2013-02-12,2013,2,43,0.0
2013-02-13,2013,2,44,0.0
2013-02-14,2013,2,45,0.0
2013-02-15,2013,2,46,0.0
2013-02-16,2013,2,47,0.0
2013-02-17,2013,2,48,0.45343393909696245
2013-02-18,2013,2,49,0.0
2013-02-19,2013,2,50,0.0
2013-02-20,2013,2,51,0.0
2013-02-21,2013,2,52,0.0
2013-02-22,2013,2,53,3.070117978071084
2013-02-23,2013,2,54,0.0
2013-02-24,2013,2,55,0.0
2013-02-25,2013,2,56,0.0
2013-02-26,2013,2,57,0.22638181028145446
2013-02-27,2013,2,58,0.0
2013-02-28,2013,2,59,0.0
2013-03-01,2013,3,60,5.208849727954227
2013-03-02,2013,3,61,8.979391870380162
2013-03-03,2013,3,62,0.0
2013-03-04,2013,3,63,0.0
2013-03-05,2013,3,64,0.0
2013-03-06,2013,3,65,0.0
2013-03-07,2013,3,66,0.0
2013-03-08,2013,3,67,0.0
2013-03-09,2013,3,68,0.0
2013-03-10,2013,3,69,0.0
2013-03-11,2013,3,70,0.0
2013-03-12,2013,3,71,0.0
2013-03-13,2013,3,72,0.0
2013-03-14,2013,3,73,0.18754297872844067
2013-03-15,2013,3,74,0.27638523621546884
2013-03-16,2013,3,75,0.9794588465923517
2013-03-17,2013,3,76,0.0
2013-03-18,2013,3,77,0.0
2013-03-19,2013,3,78,0.0
2013-03-20,2013,3,79,0.20649447304219798
2013-03-21,2013,3,80,14.848463884713619
2013-03-22,2013,3,81,0.0
2013-03-23,2013,3,82,0.0
2013-03-24,2013,3,83,0.0
2013-03-25,2013,3,84,0.0
2013-03-26,2013,3,85,5.313974898803306
2013-03-27,2013,3,86,0.09766056063651223
2013-03-28,2013,3,87,0.0
2013-03-29,2013,3,88,0.0
2013-03-30,2013,3,89,0.0
2013-03-31,2013,3,90,0.0
2013-04-01,2013,4,91,0.0
2013-04-02,2013,4,92,0.0
2013-04-03,2013,4,93,0.0
2013-04-04,2013,4,94,0.0
2013-04-05,2013,4,95,0.0
2013-04-06,2013,4,96,0.0
2013-04-07,2013,4,97,1.7431007317221872
2013-04-08,2013,4,98,0.04886549466066925
2013-04-09,2013,4,99,0.0
2013-04-10,2013,4,100,0.0
2013-04-11,2013,4,101,0.0
2013-04-12,2013,4,102,0.0
2013-04-13,2013,4,103,0.0
2013-04-14,2013,4,104,0.0
2013-04-15,2013,4,105,2.268077556813182
2013-04-16,2013,4,106,0.0
2013-04-17,2013,4,107,0.0
2013-04-18,2013,4,108,0.0
2013-04-19,2013,4,109,0.0
2013-04-20,2013,4,110,0.001661620261634428
2013-04-21,2013,4,111,0.2911904140119381
2013-04-22,2013,4,112,2.583124546077176
2013-04-23,2013,4,113,2.3232606810796135
2013-04-24,2013,4,114,13.277429570473457
2013-04-25,2013,4,115,0.0
2013-04-26,2013,4,116,0.0
2013-04-27,2013,4,117,0.04163068670846503
2013-04-28,2013,4,118,1.7383120838351604
2013-04-29,2013,4,119,4.928460021047584
2013-04-30,2013,4,120,36.94262489745428
2013-05-01,2013,5,121,4.094591699661919
2013-05-02,2013,5,122,8.06501919557217
2013-05-03,2013,5,123,8.189183399323838
2013-05-04,2013,5,124,0.0
2013-05-05,2013,5,125,0.687832435840404
2013-05-06,2013,5,126,1.8596958902623784
2013-05-07,2013,5,127,10.844442483494195
2013-05-08,2013,5,128,4.945996591497306
2013-05-09,2013,5,129,4.945996591497306
2013-05-10,2013,5,130,0.0
2013-05-11,2013,5,131,5.135556631447827
2013-05-12,2013,5,132,7.8419252241791675
2013-05-13,2013,5,133,7.154382932819459
2013-05-14,2013,5,134,0.0
2013-05-15,2013,5,135,0.0
2013-05-16,2013,5,136,0.0
2013-05-17,2013,5,137,2.4721927475806686
2013-05-18,2013,5,138,0.0
2013-05-19,2013,5,139,0.0
2013-05-20,2013,5,140,0.0
2013-05-21,2013,5,141,0.0
2013-05-22,2013,5,142,10.696727842935253
2013-05-23,2013,5,143,4.132077093040626
2013-05-24,2013,5,144,16.349230107427566
2013-05-25,2013,5,145,1.4547071111641487
2013-05-26,2013,5,146,32.30389133190231
2013-05-27,2013,5,147,18.34731160276653
2013-05-28,2013,5,148,3.4801328634235107
2013-05-29,2013,5,149,21.439000720127893
2013-05-30,2013,5,150,10.719500360063947
2013-05-31,2013,5,151,4.55606415196168
2013-06-01,2013,6,152,8.792919265784663
2013-06-02,2013,6,153,19.953812372408674
2013-06-03,2013,6,154,18.151126479734803
2013-06-04,2013,6,155,11.9826028918035
2013-06-05,2013,6,156,5.846022743645547
2013-06-06,2013,6,157,8.539338048952914
2013-06-07,2013,6,158,16.453053263792544
2013-06-08,2013,6,159,15.27422863903879
2013-06-09,2013,6,160,8.57385649493135
2013-06-10,2013,6,161,5.1619889467009745
2013-06-11,2013,6,162,3.606911708068521
2013-06-12,2013,6,163,0.0
2013-06-13,2013,6,164,1.5110515820847277
2013-06-14,2013,6,165,0.06515999226459807
2013-06-15,2013,6,166,0.0
2013-06-16,2013,6,167,4.695565828423064
2013-06-17,2013,6,168,0.7767531257872922
2013-06-18,2013,6,169,7.894972398328085
2013-06-19,2013,6,170,13.661195069781307
2013-06-20,2013,6,171,26.158094796750316
2013-06-21,2013,6,172,17.47950090520282
2013-06-22,2013,6,173,0.0
2013-06-23,2013,6,174,0.0
2013-06-24,2013,6,175,9.907757583395886
2013-06-25,2013,6,176,4.222504145279846
2013-06-26,2013,6,177,8.559374605475478
2013-06-27,2013,6,178,9.006133406920217
2013-06-28,2013,6,179,8.850115657363474
2013-06-29,2013,6,180,31.743435042887143
2013-06-30,2013,6,181,4.946284226811433
2013-07-01,2013,7,182,40.9274445503516
2013-07-02,2013,7,183,1.5626570612524142
2013-07-03,2013,7,184,1.5976047281945172
2013-07-04,2013,7,185,40.21652901918335
2013-07-05,2013,7,186,7.679084653515233
2013-07-06,2013,7,187,0.0
2013-07-07,2013,7,188,1.4068837843088382
2013-07-08,2013,7,189,0.0
2013-07-09,2013,7,190,8.350547036148077
2013-07-10,2013,7,191,15.754850474911668
2013-07-11,2013,7,192,7.390756247282642
2013-07-12,2013,7,193,6.809997727856642
2013-07-13,2013,7,194,13.275850275386167
2013-07-14,2013,7,195,14.781512494565284
2013-07-15,2013,7,196,0.6840869373200588
2013-07-16,2013,7,197,7.055406191763761
2013-07-17,2013,7,198,3.197730617637602
2013-07-18,2013,7,199,11.60093345198758
2013-07-19,2013,7,200,15.015813807901809
2013-07-20,2013,7,201,3.787298945963842
2013-07-21,2013,7,202,7.80702301857302
2013-07-22,2013,7,203,5.575173897935267
2013-07-23,2013,7,204,12.402066571751313
2013-07-24,2013,7,205,22.807086684301357
2013-07-25,2013,7,206,0.0
2013-07-26,2013,7,207,0.0
2013-07-27,2013,7,208,0.0
2013-07-28,2013,7,209,13.059800285095832
2013-07-29,2013,7,210,4.593136653495632
2013-07-30,2013,7,211,8.516060242207518
2013-07-31,2013,7,212,0.8511624659037326
2013-08-01,2013,8,213,0.0
2013-08-02,2013,8,214,6.839385863441427
2013-08-03,2013,8,215,8.186763732067622
2013-08-04,2013,8,216,0.0
2013-08-05,2013,8,217,20.269211348449467
2013-08-06,2013,8,218,11.16439973388662
2013-08-07,2013,8,219,0.0
2013-08-08,2013,8,220,0.0
2013-08-09,2013,8,221,0.0
2013-08-10,2013,8,222,0.0
2013-08-11,2013,8,223,21.399722416991334
2013-08-12,2013,8,224,28.007176430693224
2013-08-13,2013,8,225,17.444492367259844
2013-08-14,2013,8,226,0.12265817875931583
2013-08-15,2013,8,227,0.0
2013-08-16,2013,8,228,5.503442835787371
2013-08-17,2013,8,229,27.088946604789992
2013-08-18,2013,8,230,7.615364893747376
2013-08-19,2013,8,231,10.9479957576889
2013-08-20,2013,8,232,2.6912563194192773
2013-08-21,2013,8,233,2.6234765421046906
2013-08-22,2013,8,234,2.6803996220243826
2013-08-23,2013,8,235,0.10084783223927686
2013-08-24,2013,8,236,38.881034792848595
2013-08-25,2013,8,237,1.7990236801271677
2013-08-26,2013,8,238,24.350788183057013
2013-08-27,2013,8,239,0.0
2013-08-28,2013,8,240,28.323512314932916
2013-08-29,2013,8,241,10.401138682802621
2013-08-30,2013,8,242,13.191612244673847
2013-08-31,2013,8,243,39.699475356627445
2013-09-01,2013,9,244,9.657512950406895
2013-09-02,2013,9,245,20.43417614468572
2013-09-03,2013,9,246,7.233987793211461
2013-09-04,2013,9,247,12.616844937243624
2013-09-05,2013,9,248,13.482029472443418
2013-09-06,2013,9,249,0.8626237878864815
2013-09-07,2013,9,250,0.40944649801360516
2013-09-08,2013,9,251,30.748575762591
2013-09-09,2013,9,252,35.341242582244355
2013-09-10,2013,9,253,26.708886729414484
2013-09-11,2013,9,254,16.257596036564514
2013-09-12,2013,9,255,25.0200951697996
2013-09-13,2013,9,256,18.18205958303469
2013-09-14,2013,9,257,5.837003922503324
2013-09-15,2013,9,258,6.248427204423821
2013-09-16,2013,9,259,21.295670168258848
2013-09-17,2013,9,260,10.96006665152163
2013-09-18,2013,9,261,7.479071489847309
2013-09-19,2013,9,262,0.05897934720775667
2013-09-20,2013,9,263,36.04989011367366
2013-09-21,2013,9,264,8.507885698181193
2013-09-22,2013,9,265,20.870107850971245
2013-09-23,2013,9,266,9.405934218575837
2013-09-24,2013,9,267,15.561607494860915
2013-09-25,2013,9,268,3.4607929703304685
2013-09-26,2013,9,269,0.02870799949665609
2013-09-27,2013,9,270,12.992486451054193
2013-09-28,2013,9,271,8.65611609037656
2013-09-29,2013,9,272,11.624986371834668
2013-09-30,2013,9,273,6.624402151214023
2013-10-01,2013,10,274,16.662221824806174
2013-10-02,2013,10,275,16.0899751485671
2013-10-03,2013,10,276,2.283797363899872
2013-10-04,2013,10,277,13.05391663154579
2013-10-05,2013,10,278,0.0
2013-10-06,2013,10,279,3.554005194241509
2013-10-07,2013,10,280,9.896082328033938
2013-10-08,2013,10,281,21.53035849409422
2013-10-09,2013,10,282,21.591313570712302
2013-10-10,2013,10,283,0.027438925593555128
2013-10-11,2013,10,284,0.0
2013-10-12,2013,10,285,0.0
2013-10-13,2013,10,286,0.3364367491175399
2013-10-14,2013,10,287,3.069952767428518
2013-10-15,2013,10,288,8.403094200160428
2013-10-16,2013,10,289,0.0
2013-10-17,2013,10,290,0.0
2013-10-18,2013,10,291,2.5061530844207085
2013-10-19,2013,10,292,1.8671279091455024
2013-10-20,2013,10,293,9.725829684131659
2013-10-21,2013,10,294,9.048009046858565
2013-10-22,2013,10,295,0.7829880046354162
2013-10-23,2013,10,296,17.268978209912316
2013-10-24,2013,10,297,15.355648642844796
2013-10-25,2013,10,298,1.449529468349238
2013-10-26,2013,10,299,16.36021746226428
2013-10-27,2013,10,300,18.34483992031934
2013-10-28,2013,10,301,16.110793373782915
2013-10-29,2013,10,302,0.0
2013-10-30,2013,10,303,8.288253180982728
2013-10-31,2013,10,304,0.0
2013-11-01,2013,11,305,0.0
2013-11-02,2013,11,306,0.0
2013-11-03,2013,11,307,31.508736081070243
2013-11-04,2013,11,308,0.0
2013-11-05,2013,11,309,18.980196022027158
2013-11-06,2013,11,310,0.2369711416443904
2013-11-07,2013,11,311,0.042608945923374573
2013-11-08,2013,11,312,0.2391737170370604
2013-11-09,2013,11,313,0.530893758207483
2013-11-10,2013,11,314,0.0
2013-11-11,2013,11,315,9.099027341313107
2013-11-12,2013,11,316,11.559124569762131
2013-11-13,2013,11,317,3.045751701590334
2013-11-14,2013,11,318,0.0
2013-11-15,2013,11,319,8.325610899118246
2013-11-16,2013,11,320,22.67044213416746
2013-11-17,2013,11,321,5.793790573734653
2013-11-18,2013,11,322,0.0
2013-11-19,2013,11,323,16.031637472276923
2013-11-20,2013,11,324,9.438448681214373
2013-11-21,2013,11,325,8.248193842177729
2013-11-22,2013,11,326,0.0
2013-11-23,2013,11,327,0.5932092570604783
2013-11-24,2013,11,328,0.0
2013-11-25,2013,11,329,9.672779471218433
2013-11-26,2013,11,330,0.7064484259258915
2013-11-27,2013,11,331,1.0995655611425563
2013-11-28,2013,11,332,8.601226223465105
2013-11-29,2013,11,333,0.0
2013-11-30,2013,11,334,0.0
2013-12-01,2013,12,335,0.0
2013-12-02,2013,12,336,0.0
2013-12-03,2013,12,337,0.0
2013-12-04,2013,12,338,0.0
2013-12-05,2013,12,339,0.0
2013-12-06,2013,12,340,0.0
2013-12-07,2013,12,341,0.0
2013-12-08,2013,12,342,0.0
2013-12-09,2013,12,343,2.6854077348774483
2013-12-10,2013,12,344,5.859508536928417
2013-12-11,2013,12,345,0.0
2013-12-12,2013,12,346,0.0
2013-12-13,2013,12,347,0.0
2013-12-14,2013,12,348,0.0
2013-12-15,2013,12,349,4.612033071636439
2013-12-16,2013,12,350,0.0
2013-12-17,2013,12,351,0.0
2013-12-18,2013,12,352,2.6325668086327343
2013-12-19,2013,12,353,0.0
2013-12-20,2013,12,354,0.0
2013-12-21,2013,12,355,0.0
2013-12-22,2013,12,356,0.0
2013-12-23,2013,12,357,0.0
2013-12-24,2013,12,358,0.0
2013-12-25,2013,12,359,0.0
2013-12-26,2013,12,360,1.907752801949077
2013-12-27,2013,12,361,0.0
2013-12-28,2013,12,362,0.0
2013-12-29,2013,12,363,0.0
2013-12-30,2013,12,364,0.0
2013-12-31,2013,12,365,0.0
2014-01-01,2014,1,1,0.0
2014-01-02,2014,1,2,0.0
2014-01-03,2014,1,3,0.0
2014-01-04,2014,1,4,0.0
2014-01-05,2014,1,5,1.0363305730500996
2014-01-06,2014,1,6,0.0
2014-01-07,2014,1,7,0.0
2014-01-08,2014,1,8,0.0
2014-01-09,2014,1,9,0.0
2014-01-10,2014,1,10,0.0
2014-01-11,2014,1,11,0.0
2014-01-12,2014,1,12,0.0
2014-01-13,2014,1,13,0.0
2014-01-14,2014,1,14,0.0
2014-01-15,2014,1,15,0.0
2014-01-16,2014,1,16,0.0
2014-01-17,2014,1,17,0.0
2014-01-18,2014,1,18,0.0
2014-01-19,2014,1,19,0.0
2014-01-20,2014,1,20,0.0
2014-01-21,2014,1,21,0.0
2014-01-22,2014,1,22,0.16592759902699952
2014-01-23,2014,1,23,0.028275999383427904
2014-01-24,2014,1,24,0.0
2014-01-25,2014,1,25,0.0
2014-01-26,2014,1,26,1.4018084917603748
2014-01-27,2014,1,27,0.0
2014-01-28,2014,1,28,0.0
2014-01-29,2014,1,29,0.0
2014-01-30,2014,1,30,0.0
2014-01-31,2014,1,31,0.0
2014-02-01,2014,2,32,0.0
2014-02-02,2014,2,33,0.0
2014-02-03,2014,2,34,0.0
2014-02-04,2014,2,35,0.0
2014-02-05,2014,2,36,0.0
2014-02-06,2014,2,37,0.0
2014-02-07,2014,2,38,0.0
2014-02-08,2014,2,39,0.0620002624001785
2014-02-09,2014,2,40,0.0
2014-02-10,2014,2,41,0.0
2014-02-11,2014,2,42,0.0
2014-02-12,2014,2,43,0.0
2014-02-13,2014,2,44,0.0
2014-02-14,2014,2,45,0.8722105720355764
2014-02-15,2014,2,46,1.3579115170950349
2014-02-16,2014,2,47,0.0
2014-02-17,2014,2,48,0.0
2014-02-18,2014,2,49,0.0
2014-02-19,2014,2,50,0.0
2014-02-20,2014,2,51,0.6813088572730135
2014-02-21,2014,2,52,0.0
2014-02-22,2014,2,53,0.0
2014-02-23,2014,2,54,0.9922485166670627
2014-02-24,2014,2,55,0.0
2014-02-25,2014,2,56,3.512162049202809
2014-02-26,2014,2,57,0.0
2014-02-27,2014,2,58,0.0
2014-02-28,2014,2,59,0.4045022838934937
2014-03-01,2014,3,60,0.0
2014-03-02,2014,3,61,0.0
2014-03-03,2014,3,62,0.0
2014-03-04,2014,3,63,20.52435121448406
2014-03-05,2014,3,64,0.0
2014-03-06,2014,3,65,0.0
2014-03-07,2014,3,66,18.603421268651093
2014-03-08,2014,3,67,3.8882427060307867
2014-03-09,2014,3,68,17.59187065993197
2014-03-10,2014,3,69,0.06838951339656303
2014-03-11,2014,3,70,0.0
2014-03-12,2014,3,71,0.0
2014-03-13,2014,3,72,0.0
2014-03-14,2014,3,73,0.0
2014-03-15,2014,3,74,0.079343478191379
2014-03-16,2014,3,75,0.0
2014-03-17,2014,3,76,0.0
2014-03-18,2014,3,77,9.007704724689376
2014-03-19,2014,3,78,0.0
2014-03-20,2014,3,79,0.0
2014-03-21,2014,3,80,0.0
2014-03-22,2014,3,81,0.0
2014-03-23,2014,3,82,0.0
2014-03-24,2014,3,83,0.0
2014-03-25,2014,3,84,0.0
2014-03-26,2014,3,85,0.0
2014-03-27,2014,3,86,11.620706958656346
2014-03-28,2014,3,87,0.0
2014-03-29,2014,3,88,0.0
2014-03-30,2014,3,89,0.0
2014-03-31,2014,3,90,0.0
2014-04-01,2014,4,91,0.0
2014-04-02,2014,4,92,1.859252589118716
2014-04-03,2014,4,93,3.825195862681006
2014-04-04,2014,4,94,5.71751451466772
2014-04-05,2014,4,95,0.0
2014-04-06,2014,4,96,0.0
2014-04-07,2014,4,97,0.0
2014-04-08,2014,4,98,0.0
2014-04-09,2014,4,99,6.549073228033158
2014-04-10,2014,4,100,0.0
2014-04-11,2014,4,101,0.05779420660414447
2014-04-12,2014,4,102,0.0
2014-04-13,2014,4,103,0.0
2014-04-14,2014,4,104,0.0
2014-04-15,2014,4,105,0.0
2014-04-16,2014,4,106,0.0
2014-04-17,2014,4,107,10.302993064929813
2014-04-18,2014,4,108,0.0
2014-04-19,2014,4,109,0.0
2014-04-20,2014,4,110,0.0
2014-04-21,2014,4,111,0.0
2014-04-22,2014,4,112,0.0
2014-04-23,2014,4,113,3.5569835668613283
2014-04-24,2014,4,114,2.809166006456611
2014-04-25,2014,4,115,2.809166006456611
2014-04-26,2014,4,116,4.362295992321302
2014-04-27,2014,4,117,5.441000284143462
2014-04-28,2014,4,118,5.281483059472882
2014-04-29,2014,4,119,6.812141348790591
2014-04-30,2014,4,120,4.148677031709888
2014-05-01,2014,5,121,22.883447129806093
2014-05-02,2014,5,122,14.73384171729427
2014-05-03,2014,5,123,9.359689109327451
2014-05-04,2014,5,124,10.993597783384512
2014-05-05,2014,5,125,1.7450319762503685
2014-05-06,2014,5,126,0.14045708176409374
2014-05-07,2014,5,127,11.493171542755231
2014-05-08,2014,5,128,30.48784428084111
2014-05-09,2014,5,129,12.655474953398095
2014-05-10,2014,5,130,3.2335268612998926
2014-05-11,2014,5,131,22.586992223751068
2014-05-12,2014,5,132,13.537297308598205
2014-05-13,2014,5,133,8.475199489993933
2014-05-14,2014,5,134,8.611047703788746
2014-05-15,2014,5,135,22.570741810753702
2014-05-16,2014,5,136,0.0
2014-05-17,2014,5,137,0.9379164772148101
2014-05-18,2014,5,138,12.936920249574493
2014-05-19,2014,5,139,6.133418419673695
2014-05-20,2014,5,140,5.287371651372443
2014-05-21,2014,5,141,19.339792247092305
2014-05-22,2014,5,142,5.736857709663999
2014-05-23,2014,5,143,4.907274645469898
2014-05-24,2014,5,144,0.9955168773500759
2014-05-25,2014,5,145,9.535008829019983
2014-05-26,2014,5,146,8.262480065469163
2014-05-27,2014,5,147,8.242769237962051
2014-05-28,2014,5,148,7.249310886543228
2014-05-29,2014,5,149,11.190023822567865
2014-05-30,2014,5,150,9.042462478668748
2014-05-31,2014,5,151,0.7318269771291542
2014-06-01,2014,6,152,24.696355488531182
2014-06-02,2014,6,153,46.03674143445524
2014-06-03,2014,6,154,47.60012242154576
2014-06-04,2014,6,155,25.74425247089415
2014-06-05,2014,6,156,3.854726160808619
2014-06-06,2014,6,157,21.96926181420569
2014-06-07,2014,6,158,6.954413483974357
2014-06-08,2014,6,159,8.055446372036254
2014-06-09,2014,6,160,5.283599845241459
2014-06-10,2014,6,161,8.770105806496172
2014-06-11,2014,6,162,8.216550646322656
2014-06-12,2014,6,163,12.370864048919417
2014-06-13,2014,6,164,22.510992126579254
2014-06-14,2014,6,165,15.128737287635767
2014-06-15,2014,6,166,19.075268742766454
2014-06-16,2014,6,167,0.0
2014-06-17,2014,6,168,0.0
2014-06-18,2014,6,169,0.0
2014-06-19,2014,6,170,0.0
2014-06-20,2014,6,171,10.356497824243123
2014-06-21,2014,6,172,0.19793002546191113
2014-06-22,2014,6,173,5.826431371967509
2014-06-23,2014,6,174,29.35967756032741
2014-06-24,2014,6,175,0.0
2014-06-25,2014,6,176,15.895007367101408
2014-06-26,2014,6,177,1.1879310477157892
2014-06-27,2014,6,178,9.352301579923228
2014-06-28,2014,6,179,6.051491706209911
2014-06-29,2014,6,180,2.2610222373952595
2014-06-30,2014,6,181,0.0
2014-07-01,2014,7,182,1.9488815451240378
2014-07-02,2014,7,183,6.435077201227092
2014-07-03,2014,7,184,9.604508445113773
2014-07-04,2014,7,185,17.756920129494883
2014-07-05,2014,7,186,4.838399458360549
2014-07-06,2014,7,187,7.760717634574511
2014-07-07,2014,7,188,6.8073268346839635
2014-07-08,2014,7,189,0.0
2014-07-09,2014,7,190,0.0
2014-07-10,2014,7,191,0.0
2014-07-11,2014,7,192,0.0
2014-07-12,2014,7,193,0.3901324496886213
2014-07-13,2014,7,194,5.680766452502877
2014-07-14,2014,7,195,10.487422484665114
2014-07-15,2014,7,196,11.440274174742548
2014-07-16,2014,7,197,3.544304884848885
2014-07-17,2014,7,198,4.287381915935819
2014-07-18,2014,7,199,2.79433869406415
2014-07-19,2014,7,200,2.2934060455287946
2014-07-20,2014,7,201,2.578170969226775
2014-07-21,2014,7,202,2.0971176564029474
2014-07-22,2014,7,203,4.155481768859792
2014-07-23,2014,7,204,1.2189012948733267
2014-07-24,2014,7,205,1.4169614615354562
2014-07-25,2014,7,206,0.0
2014-07-26,2014,7,207,14.918369881700224
2014-07-27,2014,7,208,0.0
2014-07-28,2014,7,209,12.917368281061261
2014-07-29,2014,7,210,22.862638634090867
2014-07-30,2014,7,211,0.0
2014-07-31,2014,7,212,0.0
2014-08-01,2014,8,213,0.0
2014-08-02,2014,8,214,7.305235026428206
2014-08-03,2014,8,215,0.026081704848223298
2014-08-04,2014,8,216,4.959099251690745
2014-08-05,2014,8,217,14.635233095188685
2014-08-06,2014,8,218,29.33476995706762
2014-08-07,2014,8,219,0.0
2014-08-08,2014,8,220,23.72280858639682
2014-08-09,2014,8,221,0.0
2014-08-10,2014,8,222,0.0
2014-08-11,2014,8,223,7.3838603608405995
2014-08-12,2014,8,224,1.2303116637718605
2014-08-13,2014,8,225,3.6200600751670087
2014-08-14,2014,8,226,1.8999022826641776
2014-08-15,2014,8,227,0.0
2014-08-16,2014,8,228,0.0
2014-08-17,2014,8,229,13.463647851805048
2014-08-18,2014,8,230,1.269698164252614
2014-08-19,2014,8,231,14.416326614353732
2014-08-20,2014,8,232,5.129288891798018
2014-08-21,2014,8,233,18.440134486277696
2014-08-22,2014,8,234,0.0
2014-08-23,2014,8,235,0.0
2014-08-24,2014,8,236,0.0
2014-08-25,2014,8,237,14.254867849129328
2014-08-26,2014,8,238,15.56664000460503
2014-08-27,2014,8,239,0.0
2014-08-28,2014,8,240,0.0
2014-08-29,2014,8,241,17.876403447186327
2014-08-30,2014,8,242,0.012279143574509543
2014-08-31,2014,8,243,25.025914248995225
2014-09-01,2014,9,244,42.02214949827676
2014-09-02,2014,9,245,2.021687707843797
2014-09-03,2014,9,246,8.246437080517323
2014-09-04,2014,9,247,0.7452597268749326
2014-09-05,2014,9,248,23.552049843388534
2014-09-06,2014,9,249,10.52960043782951
2014-09-07,2014,9,250,17.08790673224867
2014-09-08,2014,9,251,18.61010148102336
2014-09-09,2014,9,252,1.6518421810512987
2014-09-10,2014,9,253,13.662163085577932
2014-09-11,2014,9,254,19.512970297481633
2014-09-12,2014,9,255,20.130084773875144
2014-09-13,2014,9,256,10.065042386937572
2014-09-14,2014,9,257,0.0
2014-09-15,2014,9,258,21.210333020439908
2014-09-16,2014,9,259,11.356119899843733
2014-09-17,2014,9,260,7.455403924396942
2014-09-18,2014,9,261,0.0
2014-09-19,2014,9,262,7.791025367575827
2014-09-20,2014,9,263,10.686091953296382
2014-09-21,2014,9,264,24.417269867306203
2014-09-22,2014,9,265,14.158743137565557
2014-09-23,2014,9,266,23.44143245254916
2014-09-24,2014,9,267,15.997808587990365
2014-09-25,2014,9,268,9.245007471029025
2014-09-26,2014,9,269,10.095300981604145
2014-09-27,2014,9,270,7.471718252062696
2014-09-28,2014,9,271,5.298407815313789
2014-09-29,2014,9,272,19.38140391997016
2014-09-30,2014,9,273,15.3368650206972
2014-10-01,2014,10,274,29.766356105158856
2014-10-02,2014,10,275,20.02350626384078
2014-10-03,2014,10,276,1.4504456062447648
2014-10-04,2014,10,277,0.0
2014-10-05,2014,10,278,9.566398119558713
2014-10-06,2014,10,279,3.7223137422515062
2014-10-07,2014,10,280,2.0455785974438827
2014-10-08,2014,10,281,7.053789624467096
2014-10-09,2014,10,282,11.543323074228864
2014-10-10,2014,10,283,7.226278841035838
2014-10-11,2014,10,284,1.9697667557455683
2014-10-12,2014,10,285,15.291998830225701
2014-10-13,2014,10,286,29.348996169973667
2014-10-14,2014,10,287,14.581632689318296
2014-10-15,2014,10,288,18.63124399013568
2014-10-16,2014,10,289,25.240806861013663
2014-10-17,2014,10,290,0.5657049848058843
2014-10-18,2014,10,291,0.4716576116148386
2014-10-19,2014,10,292,12.234679948497044
2014-10-20,2014,10,293,1.6269430689251925
2014-10-21,2014,10,294,1.8709714125647132
2014-10-22,2014,10,295,0.10087371505828832
2014-10-23,2014,10,296,13.138925074305204
2014-10-24,2014,10,297,20.39045673675178
2014-10-25,2014,10,298,11.91499235901755
2014-10-26,2014,10,299,1.4103836290021177
2014-10-27,2014,10,300,10.74374100267121
2014-10-28,2014,10,301,0.0
2014-10-29,2014,10,302,0.0
2014-10-30,2014,10,303,5.092367139553146
2014-10-31,2014,10,304,23.31653086283111
2014-11-01,2014,11,305,7.727115312190576
2014-11-02,2014,11,306,0.0
2014-11-03,2014,11,307,0.0
2014-11-04,2014,11,308,0.0
2014-11-05,2014,11,309,0.0
2014-11-06,2014,11,310,0.0
2014-11-07,2014,11,311,0.0
2014-11-08,2014,11,312,0.0
2014-11-09,2014,11,313,0.0
2014-11-10,2014,11,314,0.0
2014-11-11,2014,11,315,0.0
2014-11-12,2014,11,316,0.0
2014-11-13,2014,11,317,0.0
2014-11-14,2014,11,318,0.14823720060869888
2014-11-15,2014,11,319,0.0
2014-11-16,2014,11,320,6.972809754382266
2014-11-17,2014,11,321,0.0
2014-11-18,2014,11,322,25.636046966427703
2014-11-19,2014,11,323,0.3009631925908132
2014-11-20,2014,11,324,0.0
2014-11-21,2014,11,325,0.0
2014-11-22,2014,11,326,24.62800142881497
2014-11-23,2014,11,327,0.0
2014-11-24,2014,11,328,0.0
2014-11-25,2014,11,329,0.0
2014-11-26,2014,11,330,0.0
2014-11-27,2014,11,331,0.0
2014-11-28,2014,11,332,0.0
2014-11-29,2014,11,333,0.0
2014-11-30,2014,11,334,0.0
2014-12-01,2014,12,335,0.0
2014-12-02,2014,12,336,0.0
2014-12-03,2014,12,337,0.0
2014-12-04,2014,12,338,0.0
2014-12-05,2014,12,339,2.1497460038312606
2014-12-06,2014,12,340,0.0
2014-12-07,2014,12,341,0.0
2014-12-08,2014,12,342,0.0
2014-12-09,2014,12,343,0.0
2014-12-10,2014,12,344,0.0
2014-12-11,2014,12,345,0.29474413139552463
2014-12-12,2014,12,346,0.0
2014-12-13,2014,12,347,0.0
2014-12-14,2014,12,348,0.4766486328487838
2014-12-15,2014,12,349,0.0
2014-12-16,2014,12,350,0.0
2014-12-17,2014,12,351,0.0
2014-12-18,2014,12,352,1.5962978636186762
2014-12-19,2014,12,353,0.0
2014-12-20,2014,12,354,0.0
2014-12-21,2014,12,355,0.0
2014-12-22,2014,12,356,0.0
2014-12-23,2014,12,357,0.0
2014-12-24,2014,12,358,0.02772031335005315
2014-12-25,2014,12,359,0.0
2014-12-26,2014,12,360,4.3092506110106354
2014-12-27,2014,12,361,0.0
2014-12-28,2014,12,362,3.3790607982552143
2014-12-29,2014,12,363,0.0
2014-12-30,2014,12,364,0.0
2014-12-31,2014,12,365,0.011788722328784229
