file,relative_path,size_bytes,sha256
18D_metadata.json,18D_metadata.json,1420,db83e95080c10ca140722ed1e065fcc0d5e12b2cac21afdd080720eb4d56dbb8
LEEME_QGIS_18D.txt,LEEME_QGIS_18D.txt,1192,63f2bd1c4cc57b582cbde8cdc58e0ca122a42546d2998e9d9a3582936a138d93
18D_consenso_escenarios.qml,estilos_qml\18D_consenso_escenarios.qml,730,338678eb57b1834c33a2ff45ba4ee1b2e1f08c9a8ba5522e8b706d5e6391d0dd
18D_estado_p50.qml,estilos_qml\18D_estado_p50.qml,838,c14a83fd5100490fd219ccee0f9e805f2caa719f531c3c6a8296d3e566bb5546
18D_robustez_p05_p95.qml,estilos_qml\18D_robustez_p05_p95.qml,715,f08b88efce5423a985fbb96a766476443bb986b48f2e19741c286d2e10986fa3
18D_consenso_anual_ssp245_ssp585_2027_2050.csv,tablas\18D_consenso_anual_ssp245_ssp585_2027_2050.csv,1236,d79cae3e8f87a02519a7f1507de4ebb4136ddb0d8efe65d707b09841965e6be9
18D_niveles_anuales_ensemble_2027_2050.csv,tablas\18D_niveles_anuales_ensemble_2027_2050.csv,7453,7544e8bf03284a7270b5561d74278d7e7d1493ce9828f85af79317763d603966
18D_resumen_hidromorfologico_anual_2027_2050.csv,tablas\18D_resumen_hidromorfologico_anual_2027_2050.csv,13719,09728d0ea37708851cafdb1ee01ee65080b5c818755f463708926b7c2ee2e52b
18D_consenso_ssp245_ssp585_2027.geojson,vectores_anuales\consenso\18D_consenso_ssp245_ssp585_2027.geojson,768291,be9e6998da582c96345d5932e85dcd089647ecb02a60d95d892bcb2a93454a6d
18D_consenso_ssp245_ssp585_2028.geojson,vectores_anuales\consenso\18D_consenso_ssp245_ssp585_2028.geojson,711018,7036ebbff43c489b8ef294a92e82d0c701925deec6048373047c86e7c224f01c
18D_consenso_ssp245_ssp585_2029.geojson,vectores_anuales\consenso\18D_consenso_ssp245_ssp585_2029.geojson,710874,88c199000ceb3e9a0baedd6bf109bf83cacd897a7f496b366120e710233a6329
18D_consenso_ssp245_ssp585_2030.geojson,vectores_anuales\consenso\18D_consenso_ssp245_ssp585_2030.geojson,711159,e4456c9f7c64a46ac8c13b787e85c000f06ea1cb370f8036b671d3a2145aef6c
18D_consenso_ssp245_ssp585_2031.geojson,vectores_anuales\consenso\18D_consenso_ssp245_ssp585_2031.geojson,712297,17762271f3e823ba6b30b9bed7b0d6e1fc41d9468d54491bf76f0e9dbf714803
18D_consenso_ssp245_ssp585_2032.geojson,vectores_anuales\consenso\18D_consenso_ssp245_ssp585_2032.geojson,712297,3ac575105d244a59a6f6556f625b8d15c472ba8d6574cd6578cb782e4aafbdf7
18D_consenso_ssp245_ssp585_2033.geojson,vectores_anuales\consenso\18D_consenso_ssp245_ssp585_2033.geojson,712297,790e3e1b80865f9b64ed7b1e19392f1dbcf44fc6f4ea6d6aef9a8083188c50e5
18D_consenso_ssp245_ssp585_2034.geojson,vectores_anuales\consenso\18D_consenso_ssp245_ssp585_2034.geojson,713373,02bc451410148eb2303878fa018b18480ec0caf7a544b10c8a43e100a18493fc
18D_consenso_ssp245_ssp585_2035.geojson,vectores_anuales\consenso\18D_consenso_ssp245_ssp585_2035.geojson,713781,f4090f23268388fcad43dd2522bffb7d5dc356a6d05e2136e9e3b92fa3c513b5
18D_consenso_ssp245_ssp585_2036.geojson,vectores_anuales\consenso\18D_consenso_ssp245_ssp585_2036.geojson,713508,533b6daa52b724495042f33d9243d5b6e4e0e30e7bd3e4578085ea51720e6cae
18D_consenso_ssp245_ssp585_2037.geojson,vectores_anuales\consenso\18D_consenso_ssp245_ssp585_2037.geojson,712944,43f9e7c55517ac4583972cdf6493f355ca0eb66349302cdd0e9bc350bec3b00c
18D_consenso_ssp245_ssp585_2038.geojson,vectores_anuales\consenso\18D_consenso_ssp245_ssp585_2038.geojson,714054,4109577f00979c8a0d2043220bf7668b7202cf0c7b6a92d3e16fa2fc9ec7da5f
18D_consenso_ssp245_ssp585_2039.geojson,vectores_anuales\consenso\18D_consenso_ssp245_ssp585_2039.geojson,716246,60978b310f560a0dd6250d7253c5eddea15ee54b78a07372d588cdc2c29c5910
18D_consenso_ssp245_ssp585_2040.geojson,vectores_anuales\consenso\18D_consenso_ssp245_ssp585_2040.geojson,715881,1f6af9966439f377aca45c6d56e7af2f5d0edc3100186393cdb442dcd016496e
18D_consenso_ssp245_ssp585_2041.geojson,vectores_anuales\consenso\18D_consenso_ssp245_ssp585_2041.geojson,715881,803f6a5373c9182941577778a7cb9c9bd4ae45d551211ce68fccba2725e491b1
18D_consenso_ssp245_ssp585_2042.geojson,vectores_anuales\consenso\18D_consenso_ssp245_ssp585_2042.geojson,716154,04c3032ae1d1a28000f9d0ec52f900f670a7c0048470edc7c03d3263c38c5f11
18D_consenso_ssp245_ssp585_2043.geojson,vectores_anuales\consenso\18D_consenso_ssp245_ssp585_2043.geojson,716427,37a6adc755a6587af0370c21729ffd65b962fb90e6bae53f3bdbd647640e4da7
18D_consenso_ssp245_ssp585_2044.geojson,vectores_anuales\consenso\18D_consenso_ssp245_ssp585_2044.geojson,715581,74d3c058aa2585c4544fa6f05312bc0f58fdb2892723b68e1eb542241621f7a9
18D_consenso_ssp245_ssp585_2045.geojson,vectores_anuales\consenso\18D_consenso_ssp245_ssp585_2045.geojson,713137,340fbbe469ad61a1ec72835700710af5e8bdfb02b13edd53df64a8925d9a5f92
18D_consenso_ssp245_ssp585_2046.geojson,vectores_anuales\consenso\18D_consenso_ssp245_ssp585_2046.geojson,712254,983e46cd7d90667eeddb7762c9d1b384f3c8e8c1bbe4be5e5430b9b015ebfa8a
18D_consenso_ssp245_ssp585_2047.geojson,vectores_anuales\consenso\18D_consenso_ssp245_ssp585_2047.geojson,715013,e124763aa8648e9b1d5a570bfa9954a43da610831c8960250d09c2b1a99c728c
18D_consenso_ssp245_ssp585_2048.geojson,vectores_anuales\consenso\18D_consenso_ssp245_ssp585_2048.geojson,716362,af568d149db67b8b1af7a8325d7be983da294892aa6d6afa9c34c78853eb3f65
18D_consenso_ssp245_ssp585_2049.geojson,vectores_anuales\consenso\18D_consenso_ssp245_ssp585_2049.geojson,715856,38fdef59e2a7d3127a4062bee47abfb3982f172583d87a9639c475265f940b9f
18D_consenso_ssp245_ssp585_2050.geojson,vectores_anuales\consenso\18D_consenso_ssp245_ssp585_2050.geojson,715902,38aadd0da5442e0aa6397dba86bf83838b8f2a034cb284a0da99908e77154d5b
18D_ssp245_2027_estado_p50.geojson,vectores_anuales\ssp245\18D_ssp245_2027_estado_p50.geojson,912136,cb29bd577532721794297612510800d664cb5660ba72d6538e40480f8fc2ca3b
18D_ssp245_2028_estado_p50.geojson,vectores_anuales\ssp245\18D_ssp245_2028_estado_p50.geojson,843713,ab9ee89eaf36396afcdde8ab590e51eeac34465bd2965dc32ca18b477f5d25fe
18D_ssp245_2029_estado_p50.geojson,vectores_anuales\ssp245\18D_ssp245_2029_estado_p50.geojson,842605,8419cfbee35e19f496bc09b23974b3419834f100b0e9844b11e720d2c8e3ff06
18D_ssp245_2030_estado_p50.geojson,vectores_anuales\ssp245\18D_ssp245_2030_estado_p50.geojson,842233,922147f23cb3aad4c2296b5e553569d1934eb870958ba709c9e7ae48479c5985
18D_ssp245_2031_estado_p50.geojson,vectores_anuales\ssp245\18D_ssp245_2031_estado_p50.geojson,843721,b01711f1f0e51e16b0b56a5d275109544d469bd975cc82abb2e6adc115f96b15
18D_ssp245_2032_estado_p50.geojson,vectores_anuales\ssp245\18D_ssp245_2032_estado_p50.geojson,842792,4c67d1b7183ab738e404870bd2fe90d594e0401b25119a926e9a07b5f43ece1e
18D_ssp245_2033_estado_p50.geojson,vectores_anuales\ssp245\18D_ssp245_2033_estado_p50.geojson,843721,ceb144ea9e5748f778cc5fc495a7576f216545db37f199ffdfa4de253933cb22
18D_ssp245_2034_estado_p50.geojson,vectores_anuales\ssp245\18D_ssp245_2034_estado_p50.geojson,843349,e9fbf175fac3acd537f7bde9ae1b8b2c25e5cbd267fc998b787897a3ff166063
18D_ssp245_2035_estado_p50.geojson,vectores_anuales\ssp245\18D_ssp245_2035_estado_p50.geojson,844139,650059daf7f96389b9f6a5d506de2e20c4b959f40ee650ff153c2888a27d94e6
18D_ssp245_2036_estado_p50.geojson,vectores_anuales\ssp245\18D_ssp245_2036_estado_p50.geojson,843721,f0e051f7044e11f2ed523220c565137d46ead7599fe3572e8f635fab5c4a842e
18D_ssp245_2037_estado_p50.geojson,vectores_anuales\ssp245\18D_ssp245_2037_estado_p50.geojson,842792,25ad08af5b50700619eb33556cace49e063d620ea3986cf6bafcf2264baf376d
18D_ssp245_2038_estado_p50.geojson,vectores_anuales\ssp245\18D_ssp245_2038_estado_p50.geojson,843117,1cd1a2b99c7cf37058586272727d408aeee2fe73f503125968935b9b045dc2ff
18D_ssp245_2039_estado_p50.geojson,vectores_anuales\ssp245\18D_ssp245_2039_estado_p50.geojson,844139,4a968783ea85f4116acc5f5013214b3ba916d90e9f0a1240b58a047680b56565
18D_ssp245_2040_estado_p50.geojson,vectores_anuales\ssp245\18D_ssp245_2040_estado_p50.geojson,843721,748440c18669c4b906b0fd02036be9f287a4f64ac8f010a997248b0fefc8c64a
18D_ssp245_2041_estado_p50.geojson,vectores_anuales\ssp245\18D_ssp245_2041_estado_p50.geojson,843721,21c0f42025e99f5447bd187cafd6f3ae137214c90961eee3048db640d1c783a3
18D_ssp245_2042_estado_p50.geojson,vectores_anuales\ssp245\18D_ssp245_2042_estado_p50.geojson,844139,de80a87e7ddc1f72a75f25c44a655efd385a0d1094e26b8fae45dfe9a660ab09
18D_ssp245_2043_estado_p50.geojson,vectores_anuales\ssp245\18D_ssp245_2043_estado_p50.geojson,844465,11ecba15931815db7916973c6be3d9dda8637978c631cbef88fa9343e032a261
18D_ssp245_2044_estado_p50.geojson,vectores_anuales\ssp245\18D_ssp245_2044_estado_p50.geojson,843626,3a6b53e4180367efd0045006e37c452151139ac7d33a85064e887dd3b06231ab
18D_ssp245_2045_estado_p50.geojson,vectores_anuales\ssp245\18D_ssp245_2045_estado_p50.geojson,843533,33657b07105ed08237eddb69ba2d976a4f3a0a857fb323051e4729d3f9314790
18D_ssp245_2046_estado_p50.geojson,vectores_anuales\ssp245\18D_ssp245_2046_estado_p50.geojson,843533,c8bffb0722e54cff614d3769274ec17db71adba5511bf4fe4c377510d395bae5
18D_ssp245_2047_estado_p50.geojson,vectores_anuales\ssp245\18D_ssp245_2047_estado_p50.geojson,843859,88ec608401c4f8b0e0835142c9e8bc32a1cd62245a831a3f19c78692ac8e0cb6
18D_ssp245_2048_estado_p50.geojson,vectores_anuales\ssp245\18D_ssp245_2048_estado_p50.geojson,842513,0e91d25a1c5866c00e474c594b79930e3aeaaa3daa0f55894607bf3cfa3b7065
18D_ssp245_2049_estado_p50.geojson,vectores_anuales\ssp245\18D_ssp245_2049_estado_p50.geojson,843533,776226e35ed2aa484567cb5a5d7d4d4e84b8a3666964ab2d9ab334460d9a2214
18D_ssp245_2050_estado_p50.geojson,vectores_anuales\ssp245\18D_ssp245_2050_estado_p50.geojson,843533,921038ab100305d485d6a92f1797dfe2411cbdbf5dbf09a8dc5f85efacf85422
18D_ssp585_2027_estado_p50.geojson,vectores_anuales\ssp585\18D_ssp585_2027_estado_p50.geojson,843713,6766e859dcac90348375e7237bc0dc900b9228e86be105b7f19fdec53de83716
18D_ssp585_2028_estado_p50.geojson,vectores_anuales\ssp585\18D_ssp585_2028_estado_p50.geojson,843713,21366de5f1f6da693aa382fbf197acf515db716b70525d814d08b7a91c981176
18D_ssp585_2029_estado_p50.geojson,vectores_anuales\ssp585\18D_ssp585_2029_estado_p50.geojson,842605,566937e0315aff54e3c69cb9b91ac6b74b7b32400987e0aa15e2559e06a5944d
18D_ssp585_2030_estado_p50.geojson,vectores_anuales\ssp585\18D_ssp585_2030_estado_p50.geojson,842605,c0275288387b20905ff1456970f9590773622c4262c7646fb701ca8bf14236cf
18D_ssp585_2031_estado_p50.geojson,vectores_anuales\ssp585\18D_ssp585_2031_estado_p50.geojson,844139,710c711a42cdd0db196e972b9c2c3e068442029ce3df38dd16765eb2a6a7b87a
18D_ssp585_2032_estado_p50.geojson,vectores_anuales\ssp585\18D_ssp585_2032_estado_p50.geojson,843721,0cc229b88fbf87d9e08020bcf54818eb04e32aff07ed0eef37c5116cd01fcd7d
18D_ssp585_2033_estado_p50.geojson,vectores_anuales\ssp585\18D_ssp585_2033_estado_p50.geojson,844139,8923b1d9ecaf9ba718d77a1fb7a033e9b4af01d8b2d492ca343e5f5b5bf81675
18D_ssp585_2034_estado_p50.geojson,vectores_anuales\ssp585\18D_ssp585_2034_estado_p50.geojson,844465,6075dedbca296e864c500b53948771e3a714c56cf81444b022d7e81823d234fe
18D_ssp585_2035_estado_p50.geojson,vectores_anuales\ssp585\18D_ssp585_2035_estado_p50.geojson,844465,47ab192dcc9170492ec11a108233fb2be82632e02b171ca1d19080639f8d7143
18D_ssp585_2036_estado_p50.geojson,vectores_anuales\ssp585\18D_ssp585_2036_estado_p50.geojson,844373,b4155eeeb8a9d1163bd891b2a1752c31ac51dd20848761e62fd3276e8b03b45c
18D_ssp585_2037_estado_p50.geojson,vectores_anuales\ssp585\18D_ssp585_2037_estado_p50.geojson,844373,15e5ad90976f00a2ea9f5f55fac4547fb322145864acae842f6a11110b30f3c6
18D_ssp585_2038_estado_p50.geojson,vectores_anuales\ssp585\18D_ssp585_2038_estado_p50.geojson,844837,65ab21a59f40a3c28ff267f93bf196b2fec8395fe8335b659e796d2164d66d13
18D_ssp585_2039_estado_p50.geojson,vectores_anuales\ssp585\18D_ssp585_2039_estado_p50.geojson,845021,371ed82e3793ed29c0522cfb7bd6bfe4c9ae4d45f316ec1f2eb495a0d8489bf1
18D_ssp585_2040_estado_p50.geojson,vectores_anuales\ssp585\18D_ssp585_2040_estado_p50.geojson,844557,a69f796062772ec7776307d6d44c2bdb761ffc6e76109a3a9c643d4e22c2ee10
18D_ssp585_2041_estado_p50.geojson,vectores_anuales\ssp585\18D_ssp585_2041_estado_p50.geojson,844557,a079311f411c309ab7a089308ae3db2fd74ff203ac9283f2fc414c3b94273d0e
18D_ssp585_2042_estado_p50.geojson,vectores_anuales\ssp585\18D_ssp585_2042_estado_p50.geojson,843209,36cf767ee9f16e5a8b04877a7004d4d17add00598ce4bb7ce2a3135ac86f5c89
18D_ssp585_2043_estado_p50.geojson,vectores_anuales\ssp585\18D_ssp585_2043_estado_p50.geojson,843345,a0fca43117374ab380a00084602785118a4b936a1c45f590fcc5433f85fafc00
18D_ssp585_2044_estado_p50.geojson,vectores_anuales\ssp585\18D_ssp585_2044_estado_p50.geojson,840379,32288539de43bfec12f363c9a79efeefe6636f3874f4dd6a4acc5f978dfca6db
18D_ssp585_2045_estado_p50.geojson,vectores_anuales\ssp585\18D_ssp585_2045_estado_p50.geojson,841906,935d6c7d8777158e08dc7e3af3729f2028b9a87d5bed56fdc1f0f5d01c9c9d08
18D_ssp585_2046_estado_p50.geojson,vectores_anuales\ssp585\18D_ssp585_2046_estado_p50.geojson,842418,54b858f348824113967346a6105f227ada8c86b4b70405b5153a52779c327f63
18D_ssp585_2047_estado_p50.geojson,vectores_anuales\ssp585\18D_ssp585_2047_estado_p50.geojson,839704,683d19429af8be7c63a9398574ce09837ca97e9ad03b4586a059a8f5376a7b11
18D_ssp585_2048_estado_p50.geojson,vectores_anuales\ssp585\18D_ssp585_2048_estado_p50.geojson,838222,7a07710b744429d357ee73f81f6f389251be6d871300f1b77309e1cf11ac198d
18D_ssp585_2049_estado_p50.geojson,vectores_anuales\ssp585\18D_ssp585_2049_estado_p50.geojson,839557,9c31d7db89f848ea7c5fc69b9fb209a036b2cc79bf90a54b0f3f14e6d65a644e
18D_ssp585_2050_estado_p50.geojson,vectores_anuales\ssp585\18D_ssp585_2050_estado_p50.geojson,839370,c5f3da4c2c6e0a0cc5e8356ea0fb34ffc0fa9617b42ed20c118cd275e8f7393b
18D_consenso_ssp245_ssp585_2027_2050.tif,stacks_multibanda\consenso\18D_consenso_ssp245_ssp585_2027_2050.tif,394326,49a549dc66afa087479733ea3ad29c381d9b0fee944e80d2adfebfad1063148e
18D_ssp245_ancho_incertidumbre_m_2027_2050.tif,stacks_multibanda\ssp245\18D_ssp245_ancho_incertidumbre_m_2027_2050.tif,698480,2303ab376931f6f7ba4c52fa51324583344a20fa948658c83b92bf123fc543f1
18D_ssp245_delta_nivel_vs_2026_m_2027_2050.tif,stacks_multibanda\ssp245\18D_ssp245_delta_nivel_vs_2026_m_2027_2050.tif,698564,194db89887cfee3fa1f3057dc9d557a3f43ab2eb60937056b4f5d4ffe7b9ca53
18D_ssp245_estado_p50_2027_2050.tif,stacks_multibanda\ssp245\18D_ssp245_estado_p50_2027_2050.tif,394214,10cc6dfc393f0e2c482059a8764c812070693b730de75c7dcde0788abfc49fff
18D_ssp245_nivel_p50_m_2027_2050.tif,stacks_multibanda\ssp245\18D_ssp245_nivel_p50_m_2027_2050.tif,698382,61d1f99189e4317f1f97a2ebf7c55e77ae1fd532c781c2249513a2aff29d51d6
18D_ssp245_robustez_p05_p95_2027_2050.tif,stacks_multibanda\ssp245\18D_ssp245_robustez_p05_p95_2027_2050.tif,394196,b804edcd3ef858a2596b297a5d8263a82d62255d5544db0a1835a32e2289a1a1
18D_ssp585_ancho_incertidumbre_m_2027_2050.tif,stacks_multibanda\ssp585\18D_ssp585_ancho_incertidumbre_m_2027_2050.tif,698478,05df4e3ce4a1106c49768ee5bce7d02a04d442aa6998c14b57dc2bd83e3803b6
18D_ssp585_delta_nivel_vs_2026_m_2027_2050.tif,stacks_multibanda\ssp585\18D_ssp585_delta_nivel_vs_2026_m_2027_2050.tif,698472,1162acb000689f696cc50a544d6bb9aa9fd3313a935ff52432d4f48c545709b8
18D_ssp585_estado_p50_2027_2050.tif,stacks_multibanda\ssp585\18D_ssp585_estado_p50_2027_2050.tif,393840,e1e1a84c77d6b0a23b6d581db3e5fbea0449604159577b2d31df69d216ae7215
18D_ssp585_nivel_p50_m_2027_2050.tif,stacks_multibanda\ssp585\18D_ssp585_nivel_p50_m_2027_2050.tif,698496,74254ad876545da3b2c1a2e6864b9ad4d1dbf301e87e47ff79872d71ada65385
18D_ssp585_robustez_p05_p95_2027_2050.tif,stacks_multibanda\ssp585\18D_ssp585_robustez_p05_p95_2027_2050.tif,394760,93b732bf16029b11e0519a939b7ea2ef8e02c23771c74399c7e61d4a959e2dc1
18D_consenso_ssp245_ssp585_2027.tif,rasters_anuales\consenso\18D_consenso_ssp245_ssp585_2027.tif,17522,abcf931bed8356c4fe17df5af3d8ca48b23ab40925f15f7ebdbd5a7881f46189
18D_consenso_ssp245_ssp585_2028.tif,rasters_anuales\consenso\18D_consenso_ssp245_ssp585_2028.tif,17202,fef47c04c5f5dfa89accf70dac16f0a6ec78dc820b9aee57c77ce1ca8d8fdc56
18D_consenso_ssp245_ssp585_2029.tif,rasters_anuales\consenso\18D_consenso_ssp245_ssp585_2029.tif,17202,4b38c432de6ac54b459ef77b05aeb6587823470eec6d53a649f46f3174891a4b
18D_consenso_ssp245_ssp585_2030.tif,rasters_anuales\consenso\18D_consenso_ssp245_ssp585_2030.tif,17204,34a7487555a62fb90bca6f9a90e10373de441f60a018431f47b1000821fa574a
18D_consenso_ssp245_ssp585_2031.tif,rasters_anuales\consenso\18D_consenso_ssp245_ssp585_2031.tif,17218,ab79784357efd0315c02757c010f334c58fa335e737ac0399b8e90a748315437
18D_consenso_ssp245_ssp585_2032.tif,rasters_anuales\consenso\18D_consenso_ssp245_ssp585_2032.tif,17218,6555f5b6f4a737c52ef886ca850ed014a42f78d789a8ea96e9a2b2c19c3f1163
18D_consenso_ssp245_ssp585_2033.tif,rasters_anuales\consenso\18D_consenso_ssp245_ssp585_2033.tif,17218,566bdbf3ae953907f14639537d858462f3cd44047774062159f0acf88078766e
18D_consenso_ssp245_ssp585_2034.tif,rasters_anuales\consenso\18D_consenso_ssp245_ssp585_2034.tif,17220,7f657105882e5b359941324eba7655b939f7264c978d0b57a8c7072b46252490
18D_consenso_ssp245_ssp585_2035.tif,rasters_anuales\consenso\18D_consenso_ssp245_ssp585_2035.tif,17226,dfce82a482d40a743ee99a3a996026749f232b1772e93361e836e813ad18afe4
18D_consenso_ssp245_ssp585_2036.tif,rasters_anuales\consenso\18D_consenso_ssp245_ssp585_2036.tif,17228,4abc47bacc3c047ab20454eac60c69c3c468affca972e58ce7263000af18195e
18D_consenso_ssp245_ssp585_2037.tif,rasters_anuales\consenso\18D_consenso_ssp245_ssp585_2037.tif,17220,8f0c9f9b450a88d88ee6b9cb8fe76005865decbd0093beedb796c4d19b53757a
18D_consenso_ssp245_ssp585_2038.tif,rasters_anuales\consenso\18D_consenso_ssp245_ssp585_2038.tif,17224,b6974fd4b2794b8bdc41aa39ba00cc8bbc43583fa4dce96ef1970cfb2a5013a6
18D_consenso_ssp245_ssp585_2039.tif,rasters_anuales\consenso\18D_consenso_ssp245_ssp585_2039.tif,17230,dc42149086d83e0d354ec8538c2bdff45da3e6eb6892a2c8ac9039cb68c05eda
18D_consenso_ssp245_ssp585_2040.tif,rasters_anuales\consenso\18D_consenso_ssp245_ssp585_2040.tif,17236,80a275de933b5fd5555d672f77438e4bfafda88034aa09d99c8c174d96b7ba78
18D_consenso_ssp245_ssp585_2041.tif,rasters_anuales\consenso\18D_consenso_ssp245_ssp585_2041.tif,17236,243d95545772e9a2b109b9ad30d5b1f305fccc7b3640fbf5000d828597ced6de
18D_consenso_ssp245_ssp585_2042.tif,rasters_anuales\consenso\18D_consenso_ssp245_ssp585_2042.tif,17228,f07796fbe378ad1dbfb80d3bef30a939571de26bfa6334431db8e60e735289fe
18D_consenso_ssp245_ssp585_2043.tif,rasters_anuales\consenso\18D_consenso_ssp245_ssp585_2043.tif,17224,468b44ad25dbfc163690db27c833d97282b17ec7f9124bd4c499c44d7fd16507
18D_consenso_ssp245_ssp585_2044.tif,rasters_anuales\consenso\18D_consenso_ssp245_ssp585_2044.tif,17224,96b0c9b27263bf42b08e9024eed258e67cd8a6d9f8ea3b09f11a51a324810475
18D_consenso_ssp245_ssp585_2045.tif,rasters_anuales\consenso\18D_consenso_ssp245_ssp585_2045.tif,17212,c473a83b9374bcb1a829135b22b2bbfaed9b35304986f75e6c6f76387c15e8d1
18D_consenso_ssp245_ssp585_2046.tif,rasters_anuales\consenso\18D_consenso_ssp245_ssp585_2046.tif,17210,5172610361c470d8db195d735a37bd2ee9617cf02a4efa7b295c32a09316096a
18D_consenso_ssp245_ssp585_2047.tif,rasters_anuales\consenso\18D_consenso_ssp245_ssp585_2047.tif,17216,5ca6b06d68a4ed9c54121080367a6bf4da8a9effd37167638da284bf94e9179f
18D_consenso_ssp245_ssp585_2048.tif,rasters_anuales\consenso\18D_consenso_ssp245_ssp585_2048.tif,17230,bdf88740dab5eb338ed86422d06276e9e06512405a314f978f05cb5fb1e6b5e4
18D_consenso_ssp245_ssp585_2049.tif,rasters_anuales\consenso\18D_consenso_ssp245_ssp585_2049.tif,17232,6bdbf4fb89f1c7613dd2448cb322f40910d448ae33da92931eacc6486a0f3e64
18D_consenso_ssp245_ssp585_2050.tif,rasters_anuales\consenso\18D_consenso_ssp245_ssp585_2050.tif,17232,19ff7b1dea0b56c8060538b62b032e61c70c670d0edc15c57c2d1c96e0b0a0b9
18D_ssp245_2027_ancho_incertidumbre_m.tif,rasters_anuales\ssp245\18D_ssp245_2027_ancho_incertidumbre_m.tif,29916,bdda0fbbd3dc82dd0d4a2bf873ef276c22d2b0f7e86a4c93f352dbdc59968c20
18D_ssp245_2027_delta_nivel_vs_2026_m.tif,rasters_anuales\ssp245\18D_ssp245_2027_delta_nivel_vs_2026_m.tif,29938,6108d550ea9307d22cfd60ce2d40ebc4451a5f3ef924b5f3dbc34cc843f745e7
18D_ssp245_2027_estado_p50.tif,rasters_anuales\ssp245\18D_ssp245_2027_estado_p50.tif,17505,c0591451820d50d67f1a673decd9cca797d7dd00597f97117801546e6660196b
18D_ssp245_2027_nivel_p50_m.tif,rasters_anuales\ssp245\18D_ssp245_2027_nivel_p50_m.tif,29906,d2a449d5a1335a3ecd714b2153f7fef6c8ad3e6270e47066ca7bd72bef2fee15
18D_ssp245_2027_robustez_p05_p95.tif,rasters_anuales\ssp245\18D_ssp245_2027_robustez_p05_p95.tif,17203,2493b20a4daf96bb348abe42c50885689dd024c61b8cc8e4e5fac13873721071
18D_ssp245_2028_ancho_incertidumbre_m.tif,rasters_anuales\ssp245\18D_ssp245_2028_ancho_incertidumbre_m.tif,29934,8a95e86029bc85aac0d1b1131fc8ad247ea753d640c92a16ee76efcb70cf227a
18D_ssp245_2028_delta_nivel_vs_2026_m.tif,rasters_anuales\ssp245\18D_ssp245_2028_delta_nivel_vs_2026_m.tif,29924,677820a75b88bb28ca0bc60037c6fadd73942ea5a4c909ebf2a2b56d4c6262d8
18D_ssp245_2028_estado_p50.tif,rasters_anuales\ssp245\18D_ssp245_2028_estado_p50.tif,17207,72164711f06ce537dce3f5c7030439ba49382df031efe75a560a61af5c21388e
18D_ssp245_2028_nivel_p50_m.tif,rasters_anuales\ssp245\18D_ssp245_2028_nivel_p50_m.tif,29922,df64576f2e6e0b55ecd7526817e61e309eacc275421d3f67c34aff53e599c1a1
18D_ssp245_2028_robustez_p05_p95.tif,rasters_anuales\ssp245\18D_ssp245_2028_robustez_p05_p95.tif,17213,ed982fe8683be5fe85198c85fbfa9233468b2eb95f17d6b0c58eed7a30dd4f78
18D_ssp245_2029_ancho_incertidumbre_m.tif,rasters_anuales\ssp245\18D_ssp245_2029_ancho_incertidumbre_m.tif,29914,0118d46e13b8c5ebd2f6a762ffcfe190ba2cda0cec972d2c947ba9fb409c0438
18D_ssp245_2029_delta_nivel_vs_2026_m.tif,rasters_anuales\ssp245\18D_ssp245_2029_delta_nivel_vs_2026_m.tif,29914,de8f0c99a00f1f83d4f2f8cc52093cf3b178c86fc88a2e60b32bccf8fbe645e4
18D_ssp245_2029_estado_p50.tif,rasters_anuales\ssp245\18D_ssp245_2029_estado_p50.tif,17207,9d9b322500a190d9d0c0ea1ea6ab0d2c342e3995337b5a18fa866fc54edcab54
18D_ssp245_2029_nivel_p50_m.tif,rasters_anuales\ssp245\18D_ssp245_2029_nivel_p50_m.tif,29914,3805aa2f26fcea96b94f5d39c683b851b35ef5740692971c94ffd77dab0fca0a
18D_ssp245_2029_robustez_p05_p95.tif,rasters_anuales\ssp245\18D_ssp245_2029_robustez_p05_p95.tif,17213,7e5b098fa0ec061fffcc8c58da8398e8117b46c2d8bb88f513646ea281564066
18D_ssp245_2030_ancho_incertidumbre_m.tif,rasters_anuales\ssp245\18D_ssp245_2030_ancho_incertidumbre_m.tif,29916,b2db8fb746d06658a6a0e46d77da33f078047c149487bd1ebbf29cefa0c1e459
18D_ssp245_2030_delta_nivel_vs_2026_m.tif,rasters_anuales\ssp245\18D_ssp245_2030_delta_nivel_vs_2026_m.tif,29926,fc27216667f03d4f01d16bce57b4f3175e365a366f880b621feff8f9b0750823
18D_ssp245_2030_estado_p50.tif,rasters_anuales\ssp245\18D_ssp245_2030_estado_p50.tif,17207,f7057d771aa959b096dd8e06e0012da2d2ecd2d0307badd5a76720d3e15ef7d5
18D_ssp245_2030_nivel_p50_m.tif,rasters_anuales\ssp245\18D_ssp245_2030_nivel_p50_m.tif,29914,6ee1431f402823d46a3effc985188d3da89f9a0262af5b4f617f0ad56610cc07
18D_ssp245_2030_robustez_p05_p95.tif,rasters_anuales\ssp245\18D_ssp245_2030_robustez_p05_p95.tif,17211,36d5a02579f938548f2643703d28f6651139411f13b4699e198a60864e574b8a
18D_ssp245_2031_ancho_incertidumbre_m.tif,rasters_anuales\ssp245\18D_ssp245_2031_ancho_incertidumbre_m.tif,29938,69d4ab3ef87edafbea9d6d21a74e8c9f2840f336b00e0ddf2227c908306ee8bd
18D_ssp245_2031_delta_nivel_vs_2026_m.tif,rasters_anuales\ssp245\18D_ssp245_2031_delta_nivel_vs_2026_m.tif,29932,7aced5ff2eeab2831d1e3c1e3bd5d80c1693fdd4bd80a392793b9e3e8c02c009
18D_ssp245_2031_estado_p50.tif,rasters_anuales\ssp245\18D_ssp245_2031_estado_p50.tif,17217,7b8f40e37e7debe8f5f3c0b1565d1a928499078c9bdf319c4b3191289c81e0c7
18D_ssp245_2031_nivel_p50_m.tif,rasters_anuales\ssp245\18D_ssp245_2031_nivel_p50_m.tif,29898,28a78426b675d4b16b8a2e0e09caa5ea7084151df14a54c797e326fcfbafe7f2
18D_ssp245_2031_robustez_p05_p95.tif,rasters_anuales\ssp245\18D_ssp245_2031_robustez_p05_p95.tif,17215,6bd2e3b11e57ec730c62948ada122b8ed060b976171b1731aeebc938191872b6
18D_ssp245_2032_ancho_incertidumbre_m.tif,rasters_anuales\ssp245\18D_ssp245_2032_ancho_incertidumbre_m.tif,29924,64e03874c7707dae6beebbe69aeaf7f14841e081e14a2ff103c1a7601234808a
18D_ssp245_2032_delta_nivel_vs_2026_m.tif,rasters_anuales\ssp245\18D_ssp245_2032_delta_nivel_vs_2026_m.tif,29926,abcae37f1e00d89025c0dfcab0f3ec20872baca3b065f00d7d202b02ec80add2
18D_ssp245_2032_estado_p50.tif,rasters_anuales\ssp245\18D_ssp245_2032_estado_p50.tif,17217,7741797126902e2f4ed1369eae4c2eb4ae22c7e9de0c7acf3d9193ba18078cbd
18D_ssp245_2032_nivel_p50_m.tif,rasters_anuales\ssp245\18D_ssp245_2032_nivel_p50_m.tif,29890,7c39ef4fdd19f3d6a1193776d9934533718ac55c88cc7e716d709bb855cc5879
18D_ssp245_2032_robustez_p05_p95.tif,rasters_anuales\ssp245\18D_ssp245_2032_robustez_p05_p95.tif,17211,35b5ee9226a00d6f5d86dcbb543e555384873be3dfbdb636c145c4b8a1b8eaf2
18D_ssp245_2033_ancho_incertidumbre_m.tif,rasters_anuales\ssp245\18D_ssp245_2033_ancho_incertidumbre_m.tif,29924,71ab35ba2cafe3179b56117b0a41c4077d2e3fb88ea26f7970ae3ab6741c17b4
18D_ssp245_2033_delta_nivel_vs_2026_m.tif,rasters_anuales\ssp245\18D_ssp245_2033_delta_nivel_vs_2026_m.tif,29932,b5f450ac28329dcbd6d9257915e80e045b4a7ecf18597d0a85ffd629f4164da0
18D_ssp245_2033_estado_p50.tif,rasters_anuales\ssp245\18D_ssp245_2033_estado_p50.tif,17217,1a06f51d83685391649a6432df3b9d24e160ff742e3825062ebbeac56e5e08b9
18D_ssp245_2033_nivel_p50_m.tif,rasters_anuales\ssp245\18D_ssp245_2033_nivel_p50_m.tif,29898,758d97b91d663bd4034f4573719b7b1adef059924d1257fbf42d28485ae2f529
18D_ssp245_2033_robustez_p05_p95.tif,rasters_anuales\ssp245\18D_ssp245_2033_robustez_p05_p95.tif,17205,740f7e232fa204bd45c7f2cc95dc5d366f189267b8845a09f8eddd6f5b23f1b4
18D_ssp245_2034_ancho_incertidumbre_m.tif,rasters_anuales\ssp245\18D_ssp245_2034_ancho_incertidumbre_m.tif,29914,0f318af9bef81c1af4f8a7399f557620d3e64e16139e3ca4cc0bed14cff4312d
18D_ssp245_2034_delta_nivel_vs_2026_m.tif,rasters_anuales\ssp245\18D_ssp245_2034_delta_nivel_vs_2026_m.tif,29932,093c313bebfbf66de04ff9d7aeb5e9cd5efa7623fb45682e20c04180de7857b0
18D_ssp245_2034_estado_p50.tif,rasters_anuales\ssp245\18D_ssp245_2034_estado_p50.tif,17209,934d290a53996ec6a6d1e5439c23f6aadca0d617c88345b05035adb8cd34cf49
18D_ssp245_2034_nivel_p50_m.tif,rasters_anuales\ssp245\18D_ssp245_2034_nivel_p50_m.tif,29916,21947f3b260fd0555571280cf450a07d317563a129c8daf5a6566a160a6ab2c6
18D_ssp245_2034_robustez_p05_p95.tif,rasters_anuales\ssp245\18D_ssp245_2034_robustez_p05_p95.tif,17205,12ee06f41554945936ece5e8569cd2bc4057260d655da236f956823761af6c56
18D_ssp245_2035_ancho_incertidumbre_m.tif,rasters_anuales\ssp245\18D_ssp245_2035_ancho_incertidumbre_m.tif,29914,b5d00d14147720cdd9893e36a206425b32ca6f17287281ab562cd57801d86ca9
18D_ssp245_2035_delta_nivel_vs_2026_m.tif,rasters_anuales\ssp245\18D_ssp245_2035_delta_nivel_vs_2026_m.tif,29932,bfcffe886e2cadf4000a455ff07602a62dd9156281bcc4e8c8e832d4481467a6
18D_ssp245_2035_estado_p50.tif,rasters_anuales\ssp245\18D_ssp245_2035_estado_p50.tif,17217,9c9ffb2acf25d8b8f55fada5d502310fccea4179cf028147e68d88f2406688bf
18D_ssp245_2035_nivel_p50_m.tif,rasters_anuales\ssp245\18D_ssp245_2035_nivel_p50_m.tif,29914,f4db54f03451770c848b55ff019861613d55be327d41dbb390a77dea1aa4426c
18D_ssp245_2035_robustez_p05_p95.tif,rasters_anuales\ssp245\18D_ssp245_2035_robustez_p05_p95.tif,17211,354c2d612d03409cb68a986ecb1a1ecd1f926d713078bfbf1e3817d99f4b5f40
18D_ssp245_2036_ancho_incertidumbre_m.tif,rasters_anuales\ssp245\18D_ssp245_2036_ancho_incertidumbre_m.tif,29922,fbde9abb5a33b0bba97eae00a51cbc1d280871cce476f57bc8bae2930075043b
18D_ssp245_2036_delta_nivel_vs_2026_m.tif,rasters_anuales\ssp245\18D_ssp245_2036_delta_nivel_vs_2026_m.tif,29936,514c84d8f8ef79d6796b5715178e20fc9913c4487f580fb9d05e6ee35de4b5f3
18D_ssp245_2036_estado_p50.tif,rasters_anuales\ssp245\18D_ssp245_2036_estado_p50.tif,17217,04e8483adf31e5114284c7edff69318cf55a2594d67dcc86c47f3977d72caa29
18D_ssp245_2036_nivel_p50_m.tif,rasters_anuales\ssp245\18D_ssp245_2036_nivel_p50_m.tif,29914,313b149270125e28ab65a428cbb751fec3984a45c1e65577ba241d023509e998
18D_ssp245_2036_robustez_p05_p95.tif,rasters_anuales\ssp245\18D_ssp245_2036_robustez_p05_p95.tif,17215,e69986e108f21044dfb697d9c1d7cf3347c76af3ef1e2b923a394cf2493f342e
18D_ssp245_2037_ancho_incertidumbre_m.tif,rasters_anuales\ssp245\18D_ssp245_2037_ancho_incertidumbre_m.tif,29924,bbfb63e5cabe2b33b3bc3ec3fb454e2e0b57afca49668da4efb6daa388895bd3
18D_ssp245_2037_delta_nivel_vs_2026_m.tif,rasters_anuales\ssp245\18D_ssp245_2037_delta_nivel_vs_2026_m.tif,29926,7c8e964e81c02e96d96080f63f85c7ddd1fa716695fa7f039a52fef1cd32edbf
18D_ssp245_2037_estado_p50.tif,rasters_anuales\ssp245\18D_ssp245_2037_estado_p50.tif,17217,112deafb1dada64c3976bb7cd4878e32f0cd270087ab7da72afa797eb43edf63
18D_ssp245_2037_nivel_p50_m.tif,rasters_anuales\ssp245\18D_ssp245_2037_nivel_p50_m.tif,29914,7f693ed6e820723d8969acad18ff129a6133e73f790c29f909ef4e7c1ca1402e
18D_ssp245_2037_robustez_p05_p95.tif,rasters_anuales\ssp245\18D_ssp245_2037_robustez_p05_p95.tif,17217,7ed1cf18349b76c1546248c02e7fe089f7b0b8bc52bd3bb4a3f022a4689ce562
18D_ssp245_2038_ancho_incertidumbre_m.tif,rasters_anuales\ssp245\18D_ssp245_2038_ancho_incertidumbre_m.tif,29914,300f7b36add9e17a348121ffa4c97d9a9832276ab766e0ec78ae883298504901
18D_ssp245_2038_delta_nivel_vs_2026_m.tif,rasters_anuales\ssp245\18D_ssp245_2038_delta_nivel_vs_2026_m.tif,29932,b027206290f75ac59580b04e8dfc7b570426fb679808c592a9b783f59122712e
18D_ssp245_2038_estado_p50.tif,rasters_anuales\ssp245\18D_ssp245_2038_estado_p50.tif,17215,bd478c34aa7e94bfab012357a71f033d3f05d0861c89a1b717ba3f65a758e57a
18D_ssp245_2038_nivel_p50_m.tif,rasters_anuales\ssp245\18D_ssp245_2038_nivel_p50_m.tif,29922,fcb964c79f0047e86f97a492f7ccf44d41e0087b31440dacd0e01ba268eeda6a
18D_ssp245_2038_robustez_p05_p95.tif,rasters_anuales\ssp245\18D_ssp245_2038_robustez_p05_p95.tif,17213,f7f20797d4bf416ca7f44cfbb804efc00a06c4af8fb711e059166ea483402574
18D_ssp245_2039_ancho_incertidumbre_m.tif,rasters_anuales\ssp245\18D_ssp245_2039_ancho_incertidumbre_m.tif,29932,e6eaf6e9018f4b2132e8e129868b2f64205b46a1cca11e287156a2590b769ca1
18D_ssp245_2039_delta_nivel_vs_2026_m.tif,rasters_anuales\ssp245\18D_ssp245_2039_delta_nivel_vs_2026_m.tif,29932,c7aeebcd337824971a0ef63aad5233dca9cc0e44d4dbc220fb45836d28e64d02
18D_ssp245_2039_estado_p50.tif,rasters_anuales\ssp245\18D_ssp245_2039_estado_p50.tif,17217,643e3358bf9ddd3d8e5cc58df2a4d920805762e2503ca47f12844449a98411a8
18D_ssp245_2039_nivel_p50_m.tif,rasters_anuales\ssp245\18D_ssp245_2039_nivel_p50_m.tif,29914,4b2911c27d21b406476d1af5b96eb9ab135cd58ce1c9cb1c8a814e6cd4b544b6
18D_ssp245_2039_robustez_p05_p95.tif,rasters_anuales\ssp245\18D_ssp245_2039_robustez_p05_p95.tif,17215,b95c95c7f36e9936954139316ce1a2b979c5199011b8079a2ef439614275eb98
18D_ssp245_2040_ancho_incertidumbre_m.tif,rasters_anuales\ssp245\18D_ssp245_2040_ancho_incertidumbre_m.tif,29932,65361b8b54a8de4bed67b17a56f074c768622cdeb474a51e7d2345d36a9154f1
18D_ssp245_2040_delta_nivel_vs_2026_m.tif,rasters_anuales\ssp245\18D_ssp245_2040_delta_nivel_vs_2026_m.tif,29932,ba1281dd9592b9f4277db84ffbd51464d1e21ae8ef716d7e774bb00aadda52b0
18D_ssp245_2040_estado_p50.tif,rasters_anuales\ssp245\18D_ssp245_2040_estado_p50.tif,17217,e4596ee9c63c1163532a753963df345357e317a0c86a709c59ca036e6f91a6dd
18D_ssp245_2040_nivel_p50_m.tif,rasters_anuales\ssp245\18D_ssp245_2040_nivel_p50_m.tif,29894,0cbe385ae64056de71a90bd06374247d657fe4d4fee53ecdb5b9c72c33d72df3
18D_ssp245_2040_robustez_p05_p95.tif,rasters_anuales\ssp245\18D_ssp245_2040_robustez_p05_p95.tif,17217,3ef30445791d250929a499c8c1ad8065604e81fe110d80521d2a6a31bec726f8
18D_ssp245_2041_ancho_incertidumbre_m.tif,rasters_anuales\ssp245\18D_ssp245_2041_ancho_incertidumbre_m.tif,29938,ae284ead6737b4df1d38d29211831b477012b901e162195dfb8a42c92fa44987
18D_ssp245_2041_delta_nivel_vs_2026_m.tif,rasters_anuales\ssp245\18D_ssp245_2041_delta_nivel_vs_2026_m.tif,29924,515c872ee1d542409f2f2adf78a932057b0ae0848964d42bdc12c4c9f9479c1c
18D_ssp245_2041_estado_p50.tif,rasters_anuales\ssp245\18D_ssp245_2041_estado_p50.tif,17217,76970e27b78494eb96d9ac3119f7509dc3ce3c6c753b503c26363653ce8f9591
18D_ssp245_2041_nivel_p50_m.tif,rasters_anuales\ssp245\18D_ssp245_2041_nivel_p50_m.tif,29904,b9d6ffd1a2235dc4f7c3e981bc52e39717cf628cb59cf4c495db918f005ac674
18D_ssp245_2041_robustez_p05_p95.tif,rasters_anuales\ssp245\18D_ssp245_2041_robustez_p05_p95.tif,17207,385c121863f7b8a93718c495a91521ec5478ef5f1211e9ec8c558768b17d1b07
18D_ssp245_2042_ancho_incertidumbre_m.tif,rasters_anuales\ssp245\18D_ssp245_2042_ancho_incertidumbre_m.tif,29920,0f4753ed12227a8f5e5e8328605f595e32abcc3ece3424c8582ac9f07526ee58
18D_ssp245_2042_delta_nivel_vs_2026_m.tif,rasters_anuales\ssp245\18D_ssp245_2042_delta_nivel_vs_2026_m.tif,29926,cc81a4d889790a7f9b1d4d2d5480583e85041909611a19432cdcbc59d2b43cca
18D_ssp245_2042_estado_p50.tif,rasters_anuales\ssp245\18D_ssp245_2042_estado_p50.tif,17217,50627bade814cbf0abd2199408ffb83f29a231be297f0e2530032ae7611e3ace
18D_ssp245_2042_nivel_p50_m.tif,rasters_anuales\ssp245\18D_ssp245_2042_nivel_p50_m.tif,29906,999458c8eda22cbe3438cfdcbb832bc44d6d7c23d67caa1cd3ad8994539b4be2
18D_ssp245_2042_robustez_p05_p95.tif,rasters_anuales\ssp245\18D_ssp245_2042_robustez_p05_p95.tif,17207,79995a57ec3af00ee1e96d4889b0cd98afc3141d50f669179a6aaf0e630511a7
18D_ssp245_2043_ancho_incertidumbre_m.tif,rasters_anuales\ssp245\18D_ssp245_2043_ancho_incertidumbre_m.tif,29924,3404ca294067d39bb332fc2c2ab46e8d4729d48c19c7e12c59cc362e4b745b9a
18D_ssp245_2043_delta_nivel_vs_2026_m.tif,rasters_anuales\ssp245\18D_ssp245_2043_delta_nivel_vs_2026_m.tif,29932,cb75cfa3fd3373ac2eadf58e5a05c571ef32b8c60d2915b5e8b640641fce168f
18D_ssp245_2043_estado_p50.tif,rasters_anuales\ssp245\18D_ssp245_2043_estado_p50.tif,17215,5145cbaec55e35e6e8acf370d52e8fd7c07d2ea40ab02d03088c7962303e91b1
18D_ssp245_2043_nivel_p50_m.tif,rasters_anuales\ssp245\18D_ssp245_2043_nivel_p50_m.tif,29914,33e65e522bd7c1a983b3b2c72a8a1d6cfb96612969bcd6fae7c1a23c1da085ca
18D_ssp245_2043_robustez_p05_p95.tif,rasters_anuales\ssp245\18D_ssp245_2043_robustez_p05_p95.tif,17207,87127a06d661bf25179d9354f72135e11530b4696d750a9d862fad9fc694c473
18D_ssp245_2044_ancho_incertidumbre_m.tif,rasters_anuales\ssp245\18D_ssp245_2044_ancho_incertidumbre_m.tif,29932,90e6928b0ff457d07f191f09bdff52236ae050baf6cff13830ce32150b414f0b
18D_ssp245_2044_delta_nivel_vs_2026_m.tif,rasters_anuales\ssp245\18D_ssp245_2044_delta_nivel_vs_2026_m.tif,29936,53cc251f05618406c309f4a117de14ee1529dd097945de6f452d8d6ac62a7c44
18D_ssp245_2044_estado_p50.tif,rasters_anuales\ssp245\18D_ssp245_2044_estado_p50.tif,17209,922fde470a89f5ab6c9676c71816565cf8918a986737147b76bcfca087d2a497
18D_ssp245_2044_nivel_p50_m.tif,rasters_anuales\ssp245\18D_ssp245_2044_nivel_p50_m.tif,29922,d0c7bb32ddba286b82532df7a019754c1aacead49379fe71e2e0c2a3a52d17c6
18D_ssp245_2044_robustez_p05_p95.tif,rasters_anuales\ssp245\18D_ssp245_2044_robustez_p05_p95.tif,17207,7747393eb877ded6223339193a10668d4c5f842279e2276bf332fefb7cda64a1
18D_ssp245_2045_ancho_incertidumbre_m.tif,rasters_anuales\ssp245\18D_ssp245_2045_ancho_incertidumbre_m.tif,29920,4b4f3a1e291f020126fc70fb83fb73cb1a1840ec0ecc3eb9163c5cc93bf3dd48
18D_ssp245_2045_delta_nivel_vs_2026_m.tif,rasters_anuales\ssp245\18D_ssp245_2045_delta_nivel_vs_2026_m.tif,29932,9ed9acaf6d6b3c5515ea3a569e47a49083da099c503f08142cca26cda1fcd956
18D_ssp245_2045_estado_p50.tif,rasters_anuales\ssp245\18D_ssp245_2045_estado_p50.tif,17205,02a4eaaf3e7897dd4abdaebf9bbe8aee582aa883afca2f0a2805ad1a1c7431f9
18D_ssp245_2045_nivel_p50_m.tif,rasters_anuales\ssp245\18D_ssp245_2045_nivel_p50_m.tif,29914,baac32afbdfe6f7df06b2b9be1c4bf3f39aaa4650c4a0836b1681a2b8d95435d
18D_ssp245_2045_robustez_p05_p95.tif,rasters_anuales\ssp245\18D_ssp245_2045_robustez_p05_p95.tif,17207,7dc9e2de6060d827d96028a044e343ec4ae0f9af1d81dbfabdf2b411f97e69f8
18D_ssp245_2046_ancho_incertidumbre_m.tif,rasters_anuales\ssp245\18D_ssp245_2046_ancho_incertidumbre_m.tif,29916,225e0d08e811bb263a1ba1d9ad45fa64c123932846cb10f737acf958584b4630
18D_ssp245_2046_delta_nivel_vs_2026_m.tif,rasters_anuales\ssp245\18D_ssp245_2046_delta_nivel_vs_2026_m.tif,29914,dd767e22e23270ec0ab72a5c6089d62d370b61c9c5c76428cd5924087ea2b7bb
18D_ssp245_2046_estado_p50.tif,rasters_anuales\ssp245\18D_ssp245_2046_estado_p50.tif,17205,0d9d7955b5bb3c71f742617cefeb048b4a74256f559ffd84e3ef966e90c6ba62
18D_ssp245_2046_nivel_p50_m.tif,rasters_anuales\ssp245\18D_ssp245_2046_nivel_p50_m.tif,29916,889dcb0afd61dd9cafb008e241e7102c48e5fd6c6c45cce52892c56177dc72bc
18D_ssp245_2046_robustez_p05_p95.tif,rasters_anuales\ssp245\18D_ssp245_2046_robustez_p05_p95.tif,17543,7383923017f4911ced7fec51a74fde5755d143fed626639251444cd29a8c0804
18D_ssp245_2047_ancho_incertidumbre_m.tif,rasters_anuales\ssp245\18D_ssp245_2047_ancho_incertidumbre_m.tif,29924,4c2c1b7a19d6acf4340be339c5359f1a3a8d719ad9e2026dbd79820ced4e7282
18D_ssp245_2047_delta_nivel_vs_2026_m.tif,rasters_anuales\ssp245\18D_ssp245_2047_delta_nivel_vs_2026_m.tif,29932,85681076e61ffb0451e39434e685d553913bb7b17e230761d03284d37bf989f3
18D_ssp245_2047_estado_p50.tif,rasters_anuales\ssp245\18D_ssp245_2047_estado_p50.tif,17207,49256ef33c1cda309b6b69ca8f07e307483fee97e04a90b8517263325c63ebbc
18D_ssp245_2047_nivel_p50_m.tif,rasters_anuales\ssp245\18D_ssp245_2047_nivel_p50_m.tif,29914,6487dad15590611cfef33e9ea55c6380bd5a585f7b8038789a0854be4ac1884a
18D_ssp245_2047_robustez_p05_p95.tif,rasters_anuales\ssp245\18D_ssp245_2047_robustez_p05_p95.tif,17237,f54539f3ebc3717dc721f4694c17f40783e936861a67a63adfc9787a094b22c2
18D_ssp245_2048_ancho_incertidumbre_m.tif,rasters_anuales\ssp245\18D_ssp245_2048_ancho_incertidumbre_m.tif,29924,90988f85235ecddfff0e59409c338ac32b91806898215cd569be60876286adc6
18D_ssp245_2048_delta_nivel_vs_2026_m.tif,rasters_anuales\ssp245\18D_ssp245_2048_delta_nivel_vs_2026_m.tif,29932,76792347ade1ed735ab2ebb10fac1132c4e96217e8fb326d9c46245378d8d39c
18D_ssp245_2048_estado_p50.tif,rasters_anuales\ssp245\18D_ssp245_2048_estado_p50.tif,17207,c049d7b80b70b29bb3740fd58e5deb2d5dbca0a4ec2cc7f229400f705c498241
18D_ssp245_2048_nivel_p50_m.tif,rasters_anuales\ssp245\18D_ssp245_2048_nivel_p50_m.tif,29914,3be70bf2fde32461f37e127d312aa6b9c5c2ac85fc4ca5e4c21290ad3fe69b80
18D_ssp245_2048_robustez_p05_p95.tif,rasters_anuales\ssp245\18D_ssp245_2048_robustez_p05_p95.tif,17237,79fc7a44edca71e6704b79a6ade06a3241981017215c6145373dc6c813951ca8
18D_ssp245_2049_ancho_incertidumbre_m.tif,rasters_anuales\ssp245\18D_ssp245_2049_ancho_incertidumbre_m.tif,29932,1710f2bbd74ae452c99f9315cefdec3dbdd32872c4e6debf6c9de992b2109f42
18D_ssp245_2049_delta_nivel_vs_2026_m.tif,rasters_anuales\ssp245\18D_ssp245_2049_delta_nivel_vs_2026_m.tif,29922,74e4f81c6b9598c525906a7ef32a33d3c0de0b547123102328022c0bdb51e684
18D_ssp245_2049_estado_p50.tif,rasters_anuales\ssp245\18D_ssp245_2049_estado_p50.tif,17205,aff66f1a9282f10f11d6a830b4eab052001a54ccf49703406760532f054a2133
18D_ssp245_2049_nivel_p50_m.tif,rasters_anuales\ssp245\18D_ssp245_2049_nivel_p50_m.tif,29914,4f77ed02d3abfe303078fada0b114d9d10e2d68b5e2fcfccb42e922b4798addd
18D_ssp245_2049_robustez_p05_p95.tif,rasters_anuales\ssp245\18D_ssp245_2049_robustez_p05_p95.tif,17243,dd45e445da05a2b125f6417701a79ef3da62a8908dcf5aa77823584e7c62c7eb
18D_ssp245_2050_ancho_incertidumbre_m.tif,rasters_anuales\ssp245\18D_ssp245_2050_ancho_incertidumbre_m.tif,29936,ffc6078e642afbdbd3899bc0683614f5320a9acb4ea2fef0a03c884e000f498a
18D_ssp245_2050_delta_nivel_vs_2026_m.tif,rasters_anuales\ssp245\18D_ssp245_2050_delta_nivel_vs_2026_m.tif,29910,92f432fc78cbea311e814329a8b25b6a345c226bf11da9055aa4c7f3447739d6
18D_ssp245_2050_estado_p50.tif,rasters_anuales\ssp245\18D_ssp245_2050_estado_p50.tif,17205,710ddaeb1a8526ccaccf6c9f6843e4cd50f29f4a61af74d4bbcc6fc70d6699ef
18D_ssp245_2050_nivel_p50_m.tif,rasters_anuales\ssp245\18D_ssp245_2050_nivel_p50_m.tif,29898,1aa966354941ee34422df033805e1ac7e200a37f7c9eb13bc2cd116c903ed175
18D_ssp245_2050_robustez_p05_p95.tif,rasters_anuales\ssp245\18D_ssp245_2050_robustez_p05_p95.tif,17249,6be875e044522d05378d609b92a26cd461bfc911e7d19e35effb91484e2b442f
18D_ssp585_2027_ancho_incertidumbre_m.tif,rasters_anuales\ssp585\18D_ssp585_2027_ancho_incertidumbre_m.tif,29898,781f5afc5d501016644634d59153582b0c97db6f152348d2526839a779818758
18D_ssp585_2027_delta_nivel_vs_2026_m.tif,rasters_anuales\ssp585\18D_ssp585_2027_delta_nivel_vs_2026_m.tif,29926,1cf3d76d392e8cc5547c774dca04604e437263f1dbd2e94f16098d81a2cc6d81
18D_ssp585_2027_estado_p50.tif,rasters_anuales\ssp585\18D_ssp585_2027_estado_p50.tif,17207,22cd3a52935a92f245ce3102dc4e424dd5382fe16a97c9e97413eae6402c223d
18D_ssp585_2027_nivel_p50_m.tif,rasters_anuales\ssp585\18D_ssp585_2027_nivel_p50_m.tif,29906,ea4fd385910febcf7b8c73d960fd66a840735e4a963913000379f9f7a89af1bc
18D_ssp585_2027_robustez_p05_p95.tif,rasters_anuales\ssp585\18D_ssp585_2027_robustez_p05_p95.tif,17201,a5fb2e2ae5e13b5697bd967839aa6deb7dfdd1cb04c7a4010e0d4743405818d7
18D_ssp585_2028_ancho_incertidumbre_m.tif,rasters_anuales\ssp585\18D_ssp585_2028_ancho_incertidumbre_m.tif,29914,4d8b1559e6cdd8e98015617456989da7b2b0dfae0f2b7e852867ff41b94c5dc9
18D_ssp585_2028_delta_nivel_vs_2026_m.tif,rasters_anuales\ssp585\18D_ssp585_2028_delta_nivel_vs_2026_m.tif,29924,b0deef1bebe7b59c77c17e45811a77c80ffce70659a63545c6c915efed628714
18D_ssp585_2028_estado_p50.tif,rasters_anuales\ssp585\18D_ssp585_2028_estado_p50.tif,17207,bc7d5447f49b76652ae1922dbf60b0d8a2ae4ad717004e55fec7df2b11a2eedc
18D_ssp585_2028_nivel_p50_m.tif,rasters_anuales\ssp585\18D_ssp585_2028_nivel_p50_m.tif,29916,36c3d30add26977ccd19caf3d103e2007a6f3f8773bdea078d96ed5855cd3341
18D_ssp585_2028_robustez_p05_p95.tif,rasters_anuales\ssp585\18D_ssp585_2028_robustez_p05_p95.tif,17215,72ba5b1f2bc32a48a52b4e83927aba86cc7825f751e9da70fa07d5de9b36dd4d
18D_ssp585_2029_ancho_incertidumbre_m.tif,rasters_anuales\ssp585\18D_ssp585_2029_ancho_incertidumbre_m.tif,29920,70c27eb50395b5c9df647e5f2626aeb0d52b9520ee2a19c8613e3ae8f192d4c2
18D_ssp585_2029_delta_nivel_vs_2026_m.tif,rasters_anuales\ssp585\18D_ssp585_2029_delta_nivel_vs_2026_m.tif,29936,744d70a8902b3757e82ea5dd517ea37af8b860842c217e3682fc532fefcf7b7e
18D_ssp585_2029_estado_p50.tif,rasters_anuales\ssp585\18D_ssp585_2029_estado_p50.tif,17207,7ad08005f24d873b98429c5518ccc25903d1dc7fae007c161e723f4f175c00ac
18D_ssp585_2029_nivel_p50_m.tif,rasters_anuales\ssp585\18D_ssp585_2029_nivel_p50_m.tif,29916,3326309d41ab66129e3c4ab433d3ae70117d550ce6ed5222eb359b8d33359b0d
18D_ssp585_2029_robustez_p05_p95.tif,rasters_anuales\ssp585\18D_ssp585_2029_robustez_p05_p95.tif,17217,a8b11e36b238ab8863fba55463992c3e5cbdbc9bc4a3b065a43702a863a0214e
18D_ssp585_2030_ancho_incertidumbre_m.tif,rasters_anuales\ssp585\18D_ssp585_2030_ancho_incertidumbre_m.tif,29914,d785310c18c412ea4cdc8c83b482ef67482672e7c0fe326adbbd79f73250fbcb
18D_ssp585_2030_delta_nivel_vs_2026_m.tif,rasters_anuales\ssp585\18D_ssp585_2030_delta_nivel_vs_2026_m.tif,29926,63a4030ce8b07a4dd3d65733da15115d600e99ade1877d597006a3a2bc4d79e8
18D_ssp585_2030_estado_p50.tif,rasters_anuales\ssp585\18D_ssp585_2030_estado_p50.tif,17207,e38d53a6ca3fe80d83f8e326016fbdc48eacb7327ff5131b3a7f096facfbd397
18D_ssp585_2030_nivel_p50_m.tif,rasters_anuales\ssp585\18D_ssp585_2030_nivel_p50_m.tif,29914,f5c04ae04e41b862fd2e9f45d1cf257326795c0a8eeeb54263811c20c83391a3
18D_ssp585_2030_robustez_p05_p95.tif,rasters_anuales\ssp585\18D_ssp585_2030_robustez_p05_p95.tif,17211,72d7e791852eb04607db13cb9cc9589211260fa2e58caaf6493203373cb50a6c
18D_ssp585_2031_ancho_incertidumbre_m.tif,rasters_anuales\ssp585\18D_ssp585_2031_ancho_incertidumbre_m.tif,29932,d6668ea6e28ae59794f61cf341dea34651315e902535e0a7a2976275c274a0e4
18D_ssp585_2031_delta_nivel_vs_2026_m.tif,rasters_anuales\ssp585\18D_ssp585_2031_delta_nivel_vs_2026_m.tif,29928,a03f7419ab2ce023f1330f246658e04f04de94637fc3de9bb43eb114a0bd8d90
18D_ssp585_2031_estado_p50.tif,rasters_anuales\ssp585\18D_ssp585_2031_estado_p50.tif,17217,65707a6cef1d29458ea8d930fd5e46cbc0bbcada6cd2650b30a98ed27eef1635
18D_ssp585_2031_nivel_p50_m.tif,rasters_anuales\ssp585\18D_ssp585_2031_nivel_p50_m.tif,29900,61bff8a5cb93da59e3167be3cd3b131bc6906855da55c130ebaec0693a37c83f
18D_ssp585_2031_robustez_p05_p95.tif,rasters_anuales\ssp585\18D_ssp585_2031_robustez_p05_p95.tif,17211,f51512c7e2cba0695a340fafd217ddeb1569f2392307fe25a40d7dde91b2e246
18D_ssp585_2032_ancho_incertidumbre_m.tif,rasters_anuales\ssp585\18D_ssp585_2032_ancho_incertidumbre_m.tif,29936,d0f7d2bfc871bbd159d01870601ab08e50810785aba3f7e9d15c9113ace5e7e9
18D_ssp585_2032_delta_nivel_vs_2026_m.tif,rasters_anuales\ssp585\18D_ssp585_2032_delta_nivel_vs_2026_m.tif,29908,93af2efc47afc4d81707a8c0f8e8aa5a5e8682838574dc8f68b626e0f2845861
18D_ssp585_2032_estado_p50.tif,rasters_anuales\ssp585\18D_ssp585_2032_estado_p50.tif,17217,545292e640b451da032b8438f98f3b8674cdb1fcc5ae0074357fe2fe173f45e9
18D_ssp585_2032_nivel_p50_m.tif,rasters_anuales\ssp585\18D_ssp585_2032_nivel_p50_m.tif,29904,e180b47b7adca8848cca2f2b59a36b301ac61e27c4b8d0d0459bb991eef44ad4
18D_ssp585_2032_robustez_p05_p95.tif,rasters_anuales\ssp585\18D_ssp585_2032_robustez_p05_p95.tif,17207,be739854616e6bfee7e3fb72c22604276091e80d74eadfdb95378eea88e4e2f1
18D_ssp585_2033_ancho_incertidumbre_m.tif,rasters_anuales\ssp585\18D_ssp585_2033_ancho_incertidumbre_m.tif,29924,99888f9b1f534e01f6c5e71579fba8aa3ab0c7664906281739e0839adfc664d8
18D_ssp585_2033_delta_nivel_vs_2026_m.tif,rasters_anuales\ssp585\18D_ssp585_2033_delta_nivel_vs_2026_m.tif,29914,455dd8d28719e7aa8f6306ed46c2a29df5146da32fef6c1909649089c45fd477
18D_ssp585_2033_estado_p50.tif,rasters_anuales\ssp585\18D_ssp585_2033_estado_p50.tif,17217,48e0f677d09872c7f46f635ea7e93161812d3fa1e9657e9539146f631ce704c3
18D_ssp585_2033_nivel_p50_m.tif,rasters_anuales\ssp585\18D_ssp585_2033_nivel_p50_m.tif,29914,87b6d99ab39224131d30bae471810c50abde6294c03cc2da84693f61f5d5a7ba
18D_ssp585_2033_robustez_p05_p95.tif,rasters_anuales\ssp585\18D_ssp585_2033_robustez_p05_p95.tif,17211,51042dd41b1706b913cef983ede35381897f304f077768c2b0706196094f5a30
18D_ssp585_2034_ancho_incertidumbre_m.tif,rasters_anuales\ssp585\18D_ssp585_2034_ancho_incertidumbre_m.tif,29924,e9ef6b43cec9438b7c6a729388ccafe495f7eb1779149748273bea9db5dc599a
18D_ssp585_2034_delta_nivel_vs_2026_m.tif,rasters_anuales\ssp585\18D_ssp585_2034_delta_nivel_vs_2026_m.tif,29924,2ee87ce6a3f6faa177e87199bd9ee6cef676e74a9973066c10dc64cc250ed372
18D_ssp585_2034_estado_p50.tif,rasters_anuales\ssp585\18D_ssp585_2034_estado_p50.tif,17215,9431e25be9d2e08e653ba5fd10a028b579cb96815c9841a96c1b9c3af82581e8
18D_ssp585_2034_nivel_p50_m.tif,rasters_anuales\ssp585\18D_ssp585_2034_nivel_p50_m.tif,29922,84fcdcc45d149fe874b9f32d161af34fc42da3c6b248828900a739643289a748
18D_ssp585_2034_robustez_p05_p95.tif,rasters_anuales\ssp585\18D_ssp585_2034_robustez_p05_p95.tif,17207,290eda82d77d2fdc8fda12cd4a0c3d0f24a0d5e35816ea4b86a3e283ae8bd4cc
18D_ssp585_2035_ancho_incertidumbre_m.tif,rasters_anuales\ssp585\18D_ssp585_2035_ancho_incertidumbre_m.tif,29936,36bb087d6cc45e7530107adddb9794dca0be83ac66f80616f147c7a1ee1ad012
18D_ssp585_2035_delta_nivel_vs_2026_m.tif,rasters_anuales\ssp585\18D_ssp585_2035_delta_nivel_vs_2026_m.tif,29914,934214982b8f840927ad397c1ae0f78766cb0a2c7cd2e82d351a05a8bec249b7
18D_ssp585_2035_estado_p50.tif,rasters_anuales\ssp585\18D_ssp585_2035_estado_p50.tif,17213,5aa6eecaf912fdcabd6ae7f3f6e1c43d167c5dbd34800cd4ac83c95b3aeb5347
18D_ssp585_2035_nivel_p50_m.tif,rasters_anuales\ssp585\18D_ssp585_2035_nivel_p50_m.tif,29922,cb7a75b0b2955f164159664fdfb6be070cc889874e17093b6185a0487b832bb9
18D_ssp585_2035_robustez_p05_p95.tif,rasters_anuales\ssp585\18D_ssp585_2035_robustez_p05_p95.tif,17209,005c015fdafa158adaf2e98df8dfb1c2048a9bb9d5f7d49d5dfe9f8bf5826afa
18D_ssp585_2036_ancho_incertidumbre_m.tif,rasters_anuales\ssp585\18D_ssp585_2036_ancho_incertidumbre_m.tif,29936,14f50bd6d55f558aba16539a7ec8ce6c0e2f3c685518e633842365f3ebbc3459
18D_ssp585_2036_delta_nivel_vs_2026_m.tif,rasters_anuales\ssp585\18D_ssp585_2036_delta_nivel_vs_2026_m.tif,29914,f3b868a83be23279f9f7a78c5661ee652c9c75b8292df643dd47295989f98357
18D_ssp585_2036_estado_p50.tif,rasters_anuales\ssp585\18D_ssp585_2036_estado_p50.tif,17213,6eff6246e5922269c4af08c526795ba0535793d6c55d4b6b1be08a07aecc76a7
18D_ssp585_2036_nivel_p50_m.tif,rasters_anuales\ssp585\18D_ssp585_2036_nivel_p50_m.tif,29922,0590a28ee6e80aa8326b8596d6f7d4a92ed97d6853e2a41d4e706130bc53dc7e
18D_ssp585_2036_robustez_p05_p95.tif,rasters_anuales\ssp585\18D_ssp585_2036_robustez_p05_p95.tif,17217,a78eb2705486af345ef34e5d5ce9a32bdd3e57153e69eb53d2689fa58e532af2
18D_ssp585_2037_ancho_incertidumbre_m.tif,rasters_anuales\ssp585\18D_ssp585_2037_ancho_incertidumbre_m.tif,29936,890be4d0d69f6bf93ae571be0d6519c01d90b1a46c234ceaa9f187b67901279b
18D_ssp585_2037_delta_nivel_vs_2026_m.tif,rasters_anuales\ssp585\18D_ssp585_2037_delta_nivel_vs_2026_m.tif,29926,3d1348ee2f0bbfc4a3bb0dd0694b1963e7c6405eceb44cbe31f5c8a199037d68
18D_ssp585_2037_estado_p50.tif,rasters_anuales\ssp585\18D_ssp585_2037_estado_p50.tif,17217,7e979aede2057c44b24b862a96ce91f20c58d30c5987d7cb12886fa5baedd551
18D_ssp585_2037_nivel_p50_m.tif,rasters_anuales\ssp585\18D_ssp585_2037_nivel_p50_m.tif,29922,5ccb6becc8f1137e216e85e0ee51c9ef7a3b4d813a87fc529932fe095aac9637
18D_ssp585_2037_robustez_p05_p95.tif,rasters_anuales\ssp585\18D_ssp585_2037_robustez_p05_p95.tif,17213,61aeb5eb127e477205427d607c8f3fcabc4dee69bd885c7fdde64978adf52f94
18D_ssp585_2038_ancho_incertidumbre_m.tif,rasters_anuales\ssp585\18D_ssp585_2038_ancho_incertidumbre_m.tif,29932,7149cc59d249af341d8683f3753f46bff4ac5de5de308376770b49dfee31d1f3
18D_ssp585_2038_delta_nivel_vs_2026_m.tif,rasters_anuales\ssp585\18D_ssp585_2038_delta_nivel_vs_2026_m.tif,29932,0ff6dd3dd510a92f25979dfdda75eb7f3b9029f82800f511404aa5c13f722abf
18D_ssp585_2038_estado_p50.tif,rasters_anuales\ssp585\18D_ssp585_2038_estado_p50.tif,17211,ff47dad108d2a90530cb7bf9be870b37141a9e4543a12f514c2133f217573198
18D_ssp585_2038_nivel_p50_m.tif,rasters_anuales\ssp585\18D_ssp585_2038_nivel_p50_m.tif,29914,a5b373817132736ef4d510d4de3b7ae396cdf36e73afb73b9c32180181f21a62
18D_ssp585_2038_robustez_p05_p95.tif,rasters_anuales\ssp585\18D_ssp585_2038_robustez_p05_p95.tif,17215,a42a6eb93e9f0ec2682c3cd22c48dfbb9ebd375af1cbe45d7e7832ee0876368e
18D_ssp585_2039_ancho_incertidumbre_m.tif,rasters_anuales\ssp585\18D_ssp585_2039_ancho_incertidumbre_m.tif,29916,d16fe2f7c3af7bafaef125579e9a844af1a633f3795077dec899b0478b8ca954
18D_ssp585_2039_delta_nivel_vs_2026_m.tif,rasters_anuales\ssp585\18D_ssp585_2039_delta_nivel_vs_2026_m.tif,29926,51058198c2da29ed28fa29069f7e6233d880fa88492e2de16648b8b7808744d5
18D_ssp585_2039_estado_p50.tif,rasters_anuales\ssp585\18D_ssp585_2039_estado_p50.tif,17201,11e2c5fdf60384bd46c97e20850f7ca1bf4af28168fa0655d152d2d750cc7b0b
18D_ssp585_2039_nivel_p50_m.tif,rasters_anuales\ssp585\18D_ssp585_2039_nivel_p50_m.tif,29922,076412cadc358509d95e32e1fd4c02d7286332d33f1da7f4adaa0ebc1dfb5bbe
18D_ssp585_2039_robustez_p05_p95.tif,rasters_anuales\ssp585\18D_ssp585_2039_robustez_p05_p95.tif,17209,81ba80f9020a77267a0e97958e52771f3179cca20f3092eeff9c8c45318ccd65
18D_ssp585_2040_ancho_incertidumbre_m.tif,rasters_anuales\ssp585\18D_ssp585_2040_ancho_incertidumbre_m.tif,29908,15a65561cc1a6f7d8bf96ace4f2d0e1a2ec2f28ce74d7883d41a1ba5831ae95c
18D_ssp585_2040_delta_nivel_vs_2026_m.tif,rasters_anuales\ssp585\18D_ssp585_2040_delta_nivel_vs_2026_m.tif,29932,6ff79b92e94ba0a8027070529c095441d18ebe02d12650833504f93587f470be
18D_ssp585_2040_estado_p50.tif,rasters_anuales\ssp585\18D_ssp585_2040_estado_p50.tif,17205,df2a7909f0b793c09861d60440c88ee26903cfe25e6fbd2b7bc3a123b5e502d2
18D_ssp585_2040_nivel_p50_m.tif,rasters_anuales\ssp585\18D_ssp585_2040_nivel_p50_m.tif,29922,6abdb4a0cec7457673de25fbfcdaccf848018ec8d61339a85de548e9502d36c8
18D_ssp585_2040_robustez_p05_p95.tif,rasters_anuales\ssp585\18D_ssp585_2040_robustez_p05_p95.tif,17211,c9c6397719083d2c7d16cd26f3d2edf10a91f28a676cfda78b71cd477ef34f1a
18D_ssp585_2041_ancho_incertidumbre_m.tif,rasters_anuales\ssp585\18D_ssp585_2041_ancho_incertidumbre_m.tif,29932,c278de3340fc05dbfcef683196b1cf351daa48fb4bf7760e90e354cc280dfb94
18D_ssp585_2041_delta_nivel_vs_2026_m.tif,rasters_anuales\ssp585\18D_ssp585_2041_delta_nivel_vs_2026_m.tif,29914,11513abf3d68c5661be41f64d2ba980d3188323156be9393ab60cfc3ce2719b0
18D_ssp585_2041_estado_p50.tif,rasters_anuales\ssp585\18D_ssp585_2041_estado_p50.tif,17205,29985eae4575bac61a27a1b6cf363cf31d8992b4617e05fa372c3ed5c3e6a927
18D_ssp585_2041_nivel_p50_m.tif,rasters_anuales\ssp585\18D_ssp585_2041_nivel_p50_m.tif,29922,54397a2bb0dbe908d550e6d9af63a5392a1a08964106de1de1dc2895644d45ac
18D_ssp585_2041_robustez_p05_p95.tif,rasters_anuales\ssp585\18D_ssp585_2041_robustez_p05_p95.tif,17545,e62707cb909e6fead27077efcd1915466eb07019dd811c66b1527f132e8270ec
18D_ssp585_2042_ancho_incertidumbre_m.tif,rasters_anuales\ssp585\18D_ssp585_2042_ancho_incertidumbre_m.tif,29924,44380f0b682a8934a30931fb72643324085489587fccdfde53185c996fe350b3
18D_ssp585_2042_delta_nivel_vs_2026_m.tif,rasters_anuales\ssp585\18D_ssp585_2042_delta_nivel_vs_2026_m.tif,29924,b12535a4ecb866a0b0a4bd7146a318c4aeb9810d57c620c864fc4a933b6e465d
18D_ssp585_2042_estado_p50.tif,rasters_anuales\ssp585\18D_ssp585_2042_estado_p50.tif,17205,b5ea224c047db2ece70004b34faa21ae45779f91e092fe78fdab3c2eafe964da
18D_ssp585_2042_nivel_p50_m.tif,rasters_anuales\ssp585\18D_ssp585_2042_nivel_p50_m.tif,29922,e6aa376b4f13cd24b6a1b573b33ca4bf98fdb057d56a2b853d777b89ea834a82
18D_ssp585_2042_robustez_p05_p95.tif,rasters_anuales\ssp585\18D_ssp585_2042_robustez_p05_p95.tif,17205,6aacf5066583e4f3f59716f22b0d085a3b0047b4b90ab454878447ceba76c18a
18D_ssp585_2043_ancho_incertidumbre_m.tif,rasters_anuales\ssp585\18D_ssp585_2043_ancho_incertidumbre_m.tif,29936,8c23271e18b22a9f87f259a263964e611c51d7acf91327820f69699b53c03c10
18D_ssp585_2043_delta_nivel_vs_2026_m.tif,rasters_anuales\ssp585\18D_ssp585_2043_delta_nivel_vs_2026_m.tif,29924,cfe119cee30da6fa181a10a37401df32c9238aff24504fc238f02ed7db015059
18D_ssp585_2043_estado_p50.tif,rasters_anuales\ssp585\18D_ssp585_2043_estado_p50.tif,17203,61c915486145c9b0fb8cc5d864a434670afa2b969981aa8560c8ef5ec68ca029
18D_ssp585_2043_nivel_p50_m.tif,rasters_anuales\ssp585\18D_ssp585_2043_nivel_p50_m.tif,29904,8d23b6d744772ec08deec020e649626a3162483b027da091e53a117922e73e61
18D_ssp585_2043_robustez_p05_p95.tif,rasters_anuales\ssp585\18D_ssp585_2043_robustez_p05_p95.tif,17419,ce8756dada16ba5503aebd206c2146400038f11afd3877b95e1c3dbdc75f5243
18D_ssp585_2044_ancho_incertidumbre_m.tif,rasters_anuales\ssp585\18D_ssp585_2044_ancho_incertidumbre_m.tif,29920,03e60a3926d196f5ca839e4d6ef636f1102f63bc0e7c76ab7d45d181880ace53
18D_ssp585_2044_delta_nivel_vs_2026_m.tif,rasters_anuales\ssp585\18D_ssp585_2044_delta_nivel_vs_2026_m.tif,29932,a86d778429dcdca41311bcb9333c8784d383394c5f092f1553237f98476a6ce8
18D_ssp585_2044_estado_p50.tif,rasters_anuales\ssp585\18D_ssp585_2044_estado_p50.tif,17201,53155a8b4d8a729f91007aa4866eca52241673d1e1b2cdb9c25fe2e01a859ed4
18D_ssp585_2044_nivel_p50_m.tif,rasters_anuales\ssp585\18D_ssp585_2044_nivel_p50_m.tif,29916,cb1f2ed1776d6817acd1b24330b9aed86a003f76d14ce6e95c8af9c1dda9ba11
18D_ssp585_2044_robustez_p05_p95.tif,rasters_anuales\ssp585\18D_ssp585_2044_robustez_p05_p95.tif,17421,c703a90da5df04ce88e0f88a0570bd50fc8f88dff488b5fdad78dcb127f52d86
18D_ssp585_2045_ancho_incertidumbre_m.tif,rasters_anuales\ssp585\18D_ssp585_2045_ancho_incertidumbre_m.tif,29914,44542a768c090200e2f723eddb862bdade77cda931b522c9412f4d61a6317732
18D_ssp585_2045_delta_nivel_vs_2026_m.tif,rasters_anuales\ssp585\18D_ssp585_2045_delta_nivel_vs_2026_m.tif,29916,30808ab97382c0f3504e6f4b7573b8c53b6ea36da6b7de2a7639bdc337bb31c1
18D_ssp585_2045_estado_p50.tif,rasters_anuales\ssp585\18D_ssp585_2045_estado_p50.tif,17205,6e4447b4b929db04e5e69f25992e659f74df9648a3adcc7592636333fa4ad079
18D_ssp585_2045_nivel_p50_m.tif,rasters_anuales\ssp585\18D_ssp585_2045_nivel_p50_m.tif,29914,9240fc4c6c62c0b92d2c82102c3add7552ee44e2925fd64f62b68a33a500e92a
18D_ssp585_2045_robustez_p05_p95.tif,rasters_anuales\ssp585\18D_ssp585_2045_robustez_p05_p95.tif,17239,8319eb52140013dfb4971267acbb55897ec18808a4a2674ea426cdbec2cc3dfb
18D_ssp585_2046_ancho_incertidumbre_m.tif,rasters_anuales\ssp585\18D_ssp585_2046_ancho_incertidumbre_m.tif,29932,d04cac6cb64e04ebc507524949305991b101a217bfd643a848d1bddd031a0720
18D_ssp585_2046_delta_nivel_vs_2026_m.tif,rasters_anuales\ssp585\18D_ssp585_2046_delta_nivel_vs_2026_m.tif,29924,999aeb21833658aa43b2a5ce079432e29e5ddec7238d99fa69b626138f248ba3
18D_ssp585_2046_estado_p50.tif,rasters_anuales\ssp585\18D_ssp585_2046_estado_p50.tif,17199,41a60f1c6e4af537ebc815a439cb8c4c25fc8857c8d00824c0f6182d2369cfe2
18D_ssp585_2046_nivel_p50_m.tif,rasters_anuales\ssp585\18D_ssp585_2046_nivel_p50_m.tif,29904,57afdea799f1ecd193d8fd6f88ef804f1d53c251500ce4ccab6c6817ba15361f
18D_ssp585_2046_robustez_p05_p95.tif,rasters_anuales\ssp585\18D_ssp585_2046_robustez_p05_p95.tif,17227,a3eff9911822e7989076d819eda4c2f31318c6ef4486d15b5e12c579c9b5ee58
18D_ssp585_2047_ancho_incertidumbre_m.tif,rasters_anuales\ssp585\18D_ssp585_2047_ancho_incertidumbre_m.tif,29924,edbfdde78be962ec6d9854e983553008a87fb0d0e0702dec3ccc53a150ebb57e
18D_ssp585_2047_delta_nivel_vs_2026_m.tif,rasters_anuales\ssp585\18D_ssp585_2047_delta_nivel_vs_2026_m.tif,29936,b22739eba214248de61f3b4b23af139f5c3715ce60723c9075a4abc2b77055fc
18D_ssp585_2047_estado_p50.tif,rasters_anuales\ssp585\18D_ssp585_2047_estado_p50.tif,17205,030c7566901a34353dfa47ab8bdf1395919b911e40775efadaef67cde2953569
18D_ssp585_2047_nivel_p50_m.tif,rasters_anuales\ssp585\18D_ssp585_2047_nivel_p50_m.tif,29914,786977eff1bddb2d7e4319f5fcec69eb99515d2c84d7faff5f23196718a638ee
18D_ssp585_2047_robustez_p05_p95.tif,rasters_anuales\ssp585\18D_ssp585_2047_robustez_p05_p95.tif,17231,f977005b59d42826b8018433666e60d05994c845a8dafeb89abaff1ebc396c3a
18D_ssp585_2048_ancho_incertidumbre_m.tif,rasters_anuales\ssp585\18D_ssp585_2048_ancho_incertidumbre_m.tif,29932,21cfc29fee169c13a35868c90d949dce338f0f6c773626e2e54a87a2d11ebee8
18D_ssp585_2048_delta_nivel_vs_2026_m.tif,rasters_anuales\ssp585\18D_ssp585_2048_delta_nivel_vs_2026_m.tif,29928,730a593045e0b188dd040d1058fe8babef3f3df14ac026e2aa8b6af6fbfc78db
18D_ssp585_2048_estado_p50.tif,rasters_anuales\ssp585\18D_ssp585_2048_estado_p50.tif,17211,29d1edea698f9c3de34bf38be31e23c49a44f695cd348bac917f2afaedd84358
18D_ssp585_2048_nivel_p50_m.tif,rasters_anuales\ssp585\18D_ssp585_2048_nivel_p50_m.tif,29914,2028a767b8b1c0a6ec17821dd16cdffd9560290682b9e6a0e0d0bf5a9f101c87
18D_ssp585_2048_robustez_p05_p95.tif,rasters_anuales\ssp585\18D_ssp585_2048_robustez_p05_p95.tif,17223,06b8f5995f2823d861c9cf9e8c1ff6c0d48cbdd6a68217f4c5fc1fed6cdfcb54
18D_ssp585_2049_ancho_incertidumbre_m.tif,rasters_anuales\ssp585\18D_ssp585_2049_ancho_incertidumbre_m.tif,29914,ecde89468342a30fd172ca1f7ab12531cd628d1d26a2bb2b4b18825e605749ff
18D_ssp585_2049_delta_nivel_vs_2026_m.tif,rasters_anuales\ssp585\18D_ssp585_2049_delta_nivel_vs_2026_m.tif,29932,d2168ac2917df204923d8dce2b6fd8bacd406f0a98f1253bbd5fbc3241707e76
18D_ssp585_2049_estado_p50.tif,rasters_anuales\ssp585\18D_ssp585_2049_estado_p50.tif,17207,301427177978884dd942bb92f1b9091438defd0e3f32259e45b84bf2233f9a98
18D_ssp585_2049_nivel_p50_m.tif,rasters_anuales\ssp585\18D_ssp585_2049_nivel_p50_m.tif,29916,ea7525e7b37ed54034487e8c227f36e8b07d00c6d92d6c9c2635634e20ffeff1
18D_ssp585_2049_robustez_p05_p95.tif,rasters_anuales\ssp585\18D_ssp585_2049_robustez_p05_p95.tif,17403,38d538275a57052ef141c3fa74f6cc69e766a9f1040c3cddcd0d6b0eaa6f3587
18D_ssp585_2050_ancho_incertidumbre_m.tif,rasters_anuales\ssp585\18D_ssp585_2050_ancho_incertidumbre_m.tif,29926,e3580ebd01df4e0167d76062e7644f1fe3c456aba754b201ea1b44309916c6f6
18D_ssp585_2050_delta_nivel_vs_2026_m.tif,rasters_anuales\ssp585\18D_ssp585_2050_delta_nivel_vs_2026_m.tif,29920,dd260a14c84613bd21c31ad7b36ef5dc6f563746b62432e101a368db66ad93bf
18D_ssp585_2050_estado_p50.tif,rasters_anuales\ssp585\18D_ssp585_2050_estado_p50.tif,17207,cc1d1c5f10cf9a69903064d5011968ce2d592f551d4e8dd439d35a8000aaf604
18D_ssp585_2050_nivel_p50_m.tif,rasters_anuales\ssp585\18D_ssp585_2050_nivel_p50_m.tif,29922,ba1d3d690859d16b60318ac19af33071521b16e357e420f4fe8bcc9647f05d4b
18D_ssp585_2050_robustez_p05_p95.tif,rasters_anuales\ssp585\18D_ssp585_2050_robustez_p05_p95.tif,17203,46210256cb765d7ef90a75b7d4d749e753193bf10159d64733c83d113c72f382
