model,scenario,horizon,level_mean_m,level_end_m,change_mean_vs_anchor_m,change_end_vs_anchor_m,cum_P_end_m,cum_E_end_m,cum_Q_end_m,cum_S_end_m
ACCESS-CM2,ssp245,2030,1551.2545972240346,1551.2074137951204,-1.5154027759654127,-1.562586204879608,-0.9761445394592285,0.0004685898560410377,-0.7193273676783832,0.13241711240192763
ACCESS-CM2,ssp245,2050,1550.2677168108828,1550.2407904750394,-2.502283189117179,-2.5292095249606064,0.6892057054371221,-0.02749540631843045,-3.323336936481312,0.13241711240194207
ACCESS-CM2,ssp245,2090,1546.7599403397621,1547.0611408630418,-6.010059660237857,-5.708859136958154,2.812560726936722,0.24166462160613367,-8.895501597902998,0.13241711240197093
ACCESS-CM2,ssp585,2030,1553.1359075694209,1553.4014430534967,0.36590756942086955,0.6314430534966959,0.8894997895663612,0.08037142797184145,-0.4708452764433214,0.13241711240192763
ACCESS-CM2,ssp585,2050,1547.4312454560638,1547.3270016096424,-5.3387545439361475,-5.442998390357616,-1.6628885480483349,-0.1683778196912796,-3.7441491350198257,0.13241711240194207
ACCESS-CM2,ssp585,2090,1533.5325755527201,1533.4438849879934,-19.237424447279864,-19.32611501200654,-9.387385499023917,1.173774300274834,-11.244920925659166,0.13241711240197093
ACCESS-ESM1-5,ssp245,2030,1551.2548563572514,1551.5021128628443,-1.515143642748626,-1.2678871371556397,-0.8813002223665415,0.0774385338564376,-0.5964425610475577,0.13241711240192763
ACCESS-ESM1-5,ssp245,2050,1548.2452931397581,1548.3880218003726,-4.524706860241849,-4.381978199627383,-1.558057768152467,0.17485027616255175,-3.1311878200394068,0.13241711240194207
ACCESS-ESM1-5,ssp245,2090,1539.4009004550326,1539.3339451055135,-13.369099544967412,-13.43605489448646,-5.852711611065399,1.362526480542889,-9.078286876365905,0.13241711240197093
ACCESS-ESM1-5,ssp585,2030,1552.4113809448538,1552.483221618175,-0.3586190551461641,-0.28677838182488813,0.042901638666235385,0.0803525157507228,-0.5424496486437926,0.13241711240192763
ACCESS-ESM1-5,ssp585,2050,1549.9277324852137,1549.8997663531045,-2.842267514786272,-2.8702336468954854,-0.4893785294894982,0.4518074294559778,-2.9650796592637643,0.13241711240194207
ACCESS-ESM1-5,ssp585,2090,1523.6846648594712,1523.275218664391,-29.08533514052874,-29.494781335608877,-23.38964235422915,5.5377410964827085,-11.775297190264316,0.13241711240197093
CMCC-ESM2,ssp245,2030,1554.4366875479195,1554.500534091574,1.6666875479195369,1.7305340915740999,1.3412549834419814,-0.02425738260616997,0.28111937833641204,0.13241711240192763
CMCC-ESM2,ssp245,2050,1550.3365020596582,1550.3904512015029,-2.4334979403417947,-2.379548798497126,-0.09347190823487479,-0.008034271153091984,-2.4104597315110823,0.13241711240194207
CMCC-ESM2,ssp245,2090,1547.7036953046982,1547.8625119510532,-5.066304695301824,-4.907488048946789,2.1412928710343344,1.0516227167500352,-8.232820749133069,0.13241711240197093
CMCC-ESM2,ssp585,2030,1550.0919672174468,1549.610029789048,-2.678032782553146,-3.1599702109519967,-2.3201378780890454,-0.0156486461264159,-0.9566007991384509,0.13241711240192763
CMCC-ESM2,ssp585,2050,1539.803749961968,1539.6141919222566,-12.966250038032058,-13.155808077743359,-8.67602288578801,-0.00814815881136195,-4.604054145545913,0.13241711240194207
CMCC-ESM2,ssp585,2090,1520.8306376459352,1520.4480359292131,-31.93936235406477,-32.32196407078686,-21.34506583788999,1.6318043013644026,-12.74111964666296,0.13241711240197093
CNRM-CM6-1,ssp245,2030,1552.0084838585606,1551.6141782174261,-0.7615161414394152,-1.1558217825738666,-0.7380389482636555,0.028365925019060136,-0.5785658717312104,0.13241711240192763
CNRM-CM6-1,ssp245,2050,1552.021051419667,1552.2212839568972,-0.7489485803330354,-0.548716043102786,1.4912979155312591,0.5652767357933284,-2.7377078068293597,0.13241711240194207
CNRM-CM6-1,ssp245,2090,1557.3936387263589,1557.540240999762,4.623638726358877,4.770240999762109,8.95096910653857,2.91771817763556,-7.230863396814055,0.13241711240197093
CNRM-CM6-1,ssp585,2030,1554.1567951966013,1554.4212326977256,1.3867951966012697,1.651232697725618,1.628216632510489,0.1257099338855803,-0.23511098107235656,0.13241711240192763
CNRM-CM6-1,ssp585,2050,1557.3881919243274,1557.986769015177,4.618191924327448,5.2167690151770785,6.361458795746073,0.8664667030682094,-2.1435735960391438,0.13241711240194207
CNRM-CM6-1,ssp585,2090,1564.8592688437411,1564.89116753683,12.089268843741138,12.121167536829944,13.84742659429015,5.3100410838211625,-7.168717253683889,0.13241711240197093
CNRM-ESM2-1,ssp245,2030,1551.158385060636,1551.1393121119816,-1.6116149393640171,-1.6306878880184286,-1.1003819353310607,-0.012420768861779211,-0.6503022962276271,0.13241711240192763
CNRM-ESM2-1,ssp245,2050,1550.1828177241184,1550.5490022762792,-2.5871822758815597,-2.2209977237207568,-0.12400464530556093,0.46490985246971167,-2.6943200432869068,0.13241711240194207
CNRM-ESM2-1,ssp245,2090,1550.4359627384367,1551.0607375777397,-2.334037261563253,-1.7092624222602808,2.960157715522344,2.3324139860278827,-7.134251236212472,0.13241711240197093
CNRM-ESM2-1,ssp585,2030,1551.5393891720944,1551.4068726796954,-1.2306108279055934,-1.3631273203045566,-0.8768691070475481,0.002737329045190787,-0.6214126547040542,0.13241711240192763
CNRM-ESM2-1,ssp585,2050,1547.8810348560216,1547.677039781825,-4.888965143978339,-5.092960218174994,-2.3644852916203547,0.34023432229878786,-3.201126361255439,0.13241711240194207
CNRM-ESM2-1,ssp585,2090,1550.0687507486855,1550.7063295763196,-2.7012492513144934,-2.063670423680378,2.4505656401492866,4.058887380233383,-8.705540556464962,0.13241711240197093
CanESM5,ssp245,2030,1553.4371052556307,1553.7575178701136,0.6671052556307586,0.9875178701136065,1.0918982536744568,0.23362881473518063,-0.4704263106979641,0.13241711240192763
CanESM5,ssp245,2050,1550.8034556541538,1550.5787479749065,-1.9665443458461596,-2.1912520250934904,0.22117612173633436,0.7720214703494777,-3.3168667295813026,0.13241711240194207
CanESM5,ssp245,2090,1542.4939926900527,1542.5446138072668,-10.276007309947317,-10.22538619273314,-3.5603957725225266,3.0328749903664307,-9.830282522978887,0.13241711240197093
CanESM5,ssp585,2030,1552.3886036280794,1552.241976320227,-0.3813963719205731,-0.528023679773014,-0.05500814868504163,0.05998109270398983,-0.6654137361939344,0.13241711240192763
CanESM5,ssp585,2050,1548.1106659264233,1548.154083191957,-4.6593340735767015,-4.615916808043039,-1.7335608018258697,0.7087995347878376,-3.7235726534068476,0.13241711240194207
CanESM5,ssp585,2090,1523.8086115189242,1523.2887274955997,-28.9613884810758,-29.481272504400295,-21.727761031526153,4.670172625754659,-12.556101211031011,0.13241711240197093
EC-Earth3,ssp245,2030,1553.706700610822,1553.5836553347106,0.9367006108220721,0.8136553347105746,0.8653290959153673,0.01382565256469114,-0.19791652617143451,0.13241711240192763
EC-Earth3,ssp245,2050,1551.639460271362,1552.0726693213132,-1.1305397286380412,-0.6973306786867397,1.012598390469547,0.17890662151889125,-2.0212528030771066,0.13241711240194207
EC-Earth3,ssp245,2090,1543.8244658687008,1543.9105677735174,-8.945534131299155,-8.859432226482568,-2.6002623093944477,0.6054992785672763,-6.9970863080573045,0.13241711240197093
EC-Earth3,ssp585,2030,1553.0803843790443,1552.9267219045664,0.31038437904430793,0.15672190456643875,0.3766855305374495,0.03108380935851229,-0.38346454773147504,0.13241711240192763
EC-Earth3,ssp585,2050,1550.8481340388978,1551.3249980665487,-1.9218659611021849,-1.4450019334512945,0.5824303018909347,0.25578983499326813,-2.415639182737416,0.13241711240194207
EC-Earth3,ssp585,2090,1541.264456888447,1541.167949040515,-11.505543111552925,-11.602050959485041,-6.057667974173826,2.6985229678337124,-8.375323065546933,0.13241711240197093
GFDL-ESM4,ssp245,2030,1552.8937809943516,1553.177843678927,0.12378099435159129,0.4078436789270654,0.4991058857836654,0.15837619597557406,-0.38205551523414466,0.13241711240192763
GFDL-ESM4,ssp245,2050,1550.3458500143256,1550.748060554453,-2.424149985674376,-2.0219394455468773,-0.13253069793170666,0.5505645166933311,-2.5723903767103646,0.13241711240194207
GFDL-ESM4,ssp245,2090,1542.639156466322,1542.6196959125377,-10.13084353367799,-10.150304087462246,-3.76883916937758,1.7324595349965046,-8.246341565483236,0.13241711240197093
GFDL-ESM4,ssp585,2030,1552.2932345667139,1552.9069379781538,-0.4767654332861184,0.13693797815381004,0.10567011013397151,0.10792289714824524,-0.20907214153022283,0.13241711240192763
GFDL-ESM4,ssp585,2050,1548.261595590224,1548.5282696998313,-4.508404409775949,-4.241730300168683,-2.134506812457495,0.6028931131995275,-2.8425337133127306,0.13241711240194207
GFDL-ESM4,ssp585,2090,1530.3636025938135,1530.1947234491865,-22.406397406186443,-22.57527655081344,-15.067054307613251,2.860086919029757,-10.500726274632418,0.13241711240197093
GISS-E2-1-G,ssp245,2030,1552.0447663835664,1552.1367543117906,-0.7252336164335702,-0.6332456882093993,-0.25714550653685153,0.06771088932480346,-0.5762281833993491,0.13241711240192763
GISS-E2-1-G,ssp245,2050,1547.780239292591,1547.997957474851,-4.989760707409005,-4.7720425251488905,-2.4380485740579876,0.7523374354147669,-3.218748498907493,0.13241711240194207
GISS-E2-1-G,ssp245,2090,1535.2075041959304,1535.2178329886963,-17.562495804069613,-17.55216701130371,-10.86239900298032,2.7955731749743817,-9.617758295699728,0.13241711240197093
GISS-E2-1-G,ssp585,2030,1552.2954856081076,1552.451558908114,-0.47451439189239863,-0.31844109188591574,-0.07510764419494068,0.1336110021801851,-0.509361562273011,0.13241711240192763
GISS-E2-1-G,ssp585,2050,1548.1447400878528,1548.4846793177078,-4.625259912147158,-4.285320682292195,-2.1552563290223756,1.0435418955449045,-3.306023361216697,0.13241711240194207
GISS-E2-1-G,ssp585,2090,1530.1243554409712,1529.7183456548257,-22.645644559028824,-23.051654345174256,-16.561465574617348,4.357131099619516,-10.979736982578553,0.13241711240197093
HadGEM3-GC31-LL,ssp245,2030,1552.3486100310727,1552.2256218011123,-0.42138996892731484,-0.5443781988876708,-0.047905232847730954,0.013531217819293805,-0.6424212962611676,0.13241711240192763
HadGEM3-GC31-LL,ssp245,2050,1545.4089042039072,1545.5383283992287,-7.361095796092741,-7.2316716007712785,-3.1982212709982174,-0.07474432494439394,-4.0911231172305005,0.13241711240194207
HadGEM3-GC31-LL,ssp245,2090,1531.2192624888557,1531.264794687348,-21.550737511144234,-21.505205312651924,-9.424155499994017,-0.44033788894759324,-11.773129036112723,0.13241711240197093
HadGEM3-GC31-LL,ssp585,2030,1551.9487402450848,1552.0689302686285,-0.8212597549152179,-0.70106973137149,-0.010479942560527034,-0.10047268825089356,-0.7225342129618973,0.13241711240192763
HadGEM3-GC31-LL,ssp585,2050,1544.199395217666,1543.7996632788759,-8.57060478233393,-8.970336721124113,-3.9310508414926915,-0.6083263181321472,-4.563376673901345,0.13241711240194207
HadGEM3-GC31-LL,ssp585,2090,1517.7236153259653,1517.3688169313873,-35.0463846740347,-35.40118306861268,-21.705215459736365,0.20275695499429713,-14.031141676273208,0.13241711240197093
IPSL-CM6A-LR,ssp245,2030,1551.6923308722664,1551.477350257227,-1.077669127733543,-1.2926497427729373,-0.7489380021126719,-0.02754490090556929,-0.6485839521565132,0.13241711240192763
IPSL-CM6A-LR,ssp245,2050,1542.2944116376405,1542.0515449396596,-10.475588362359531,-10.718455060340375,-6.5955998851706985,0.009814270035150806,-4.265086557606874,0.13241711240194207
IPSL-CM6A-LR,ssp245,2090,1514.3615550127636,1514.2237434267222,-38.40844498723641,-38.54625657327779,-25.76516483196343,-0.32852937133786253,-12.584979482378392,0.13241711240197093
IPSL-CM6A-LR,ssp585,2030,1551.053217152524,1551.0647412886176,-1.7167828474759972,-1.7052587113823847,-1.0806103922709225,-0.010596117305313842,-0.74646931420799,0.13241711240192763
IPSL-CM6A-LR,ssp585,2050,1540.2342509904165,1540.0219210820878,-12.53574900958347,-12.748078917912153,-7.9595173619149096,-0.33735104369182906,-4.583627624707512,0.13241711240194207
IPSL-CM6A-LR,ssp585,2090,1498.4007915403934,1497.970947284205,-54.369208459606625,-54.799052715794915,-40.69924125446075,0.08659037277772945,-14.318818946513382,0.13241711240197093
MIROC6,ssp245,2030,1552.4256581117374,1552.667468775135,-0.34434188826253376,-0.10253122486506072,0.01766387964498858,0.14976907067263692,-0.4023812875846883,0.13241711240192763
MIROC6,ssp245,2050,1551.1976832888122,1551.3028072918776,-1.5723167111877956,-1.4671927081224112,0.5652771773836862,0.8888045834865909,-3.053691581394623,0.13241711240194207
MIROC6,ssp245,2090,1547.7360816407738,1547.864424775081,-5.033918359226163,-4.905575224918948,1.5261367855556176,2.2462588729611443,-8.810387995837685,0.13241711240197093
MIROC6,ssp585,2030,1551.2954420884262,1551.7014203921567,-1.474557911573811,-1.0685796078432759,-0.6004041477836514,0.08084148465767454,-0.6814340571192936,0.13241711240192763
MIROC6,ssp585,2050,1550.3847374866423,1550.2082645044352,-2.385262513357702,-2.5617354955647897,-0.2535052063683997,0.5670313323796837,-3.0076787339780937,0.13241711240194207
MIROC6,ssp585,2090,1541.9827532238924,1542.269518135833,-10.787246776107622,-10.500481864166886,-3.8356176298162876,3.3289610198589266,-10.126242366611343,0.13241711240197093
MPI-ESM1-2-HR,ssp245,2030,1553.2264605824303,1553.3015394251745,0.45646058243028165,0.5315394251745147,0.46476057446243685,0.050156280750265736,-0.11579454244001439,0.13241711240192763
MPI-ESM1-2-HR,ssp245,2050,1550.6674323302254,1550.519750490276,-2.102567669774544,-2.2502495097239716,-0.4189807492992357,0.49292040414242605,-2.4566062769690764,0.13241711240194207
MPI-ESM1-2-HR,ssp245,2090,1542.7996762456144,1542.7326761143822,-9.970323754385618,-10.037323885617752,-3.6421453488786217,1.661174337234452,-8.188769986375435,0.13241711240197093
MPI-ESM1-2-HR,ssp585,2030,1551.478922653233,1551.5417955070839,-1.291077346766997,-1.2282044929161202,-0.791353187868273,0.07457164571208282,-0.6438400631618149,0.13241711240192763
MPI-ESM1-2-HR,ssp585,2050,1550.0644734940495,1550.2422893957369,-2.705526505950502,-2.5277106042631203,-0.4190454956788685,0.5123753637473182,-2.753457584733404,0.13241711240194207
MPI-ESM1-2-HR,ssp585,2090,1542.2170863750632,1542.1399604404714,-10.552913624936764,-10.63003955952854,-4.725339134618739,3.4627349259195253,-9.499852463231322,0.13241711240197093
MRI-ESM2-0,ssp245,2030,1553.8469999878214,1554.0192169985053,1.0769999878214094,1.2492169985052897,1.250781467768499,0.16582336124075694,-0.2998049429058743,0.13241711240192763
MRI-ESM2-0,ssp245,2050,1551.7611246252372,1551.995090163183,-1.008875374762738,-0.7749098368169598,1.460616365019643,0.4295888571012346,-2.797532171339737,0.13241711240194207
MRI-ESM2-0,ssp245,2090,1540.2629670882093,1540.4625502991682,-12.507032911790702,-12.30744970083174,-4.182694072999839,0.8730377996846986,-9.130210539918446,0.13241711240197093
MRI-ESM2-0,ssp585,2030,1553.22219305635,1553.9072363144842,0.4521930563500973,1.1372363144841984,1.2200018925714133,0.16149936235568685,-0.37668205284484096,0.13241711240192763
MRI-ESM2-0,ssp585,2050,1548.166800333129,1548.1083668593592,-4.603199666870978,-4.661633140640788,-1.6187669463415284,0.22890015938616215,-3.4041834660873422,0.13241711240194207
MRI-ESM2-0,ssp585,2090,1525.194917516684,1525.0477070301883,-27.57508248331601,-27.722292969811633,-18.429902636168674,1.7355304712449962,-11.160337917289755,0.13241711240197093
UKESM1-0-LL,ssp245,2030,1551.6177827425724,1551.5065761168269,-1.1522172574275373,-1.2634238831731182,-0.7137033638600028,0.11821184609895506,-0.800349477814055,0.13241711240192763
UKESM1-0-LL,ssp245,2050,1547.2214741832456,1547.1296128488193,-5.548525816754363,-5.640387151180676,-2.1905496433143186,0.413638206615481,-3.9958928268837206,0.13241711240194207
UKESM1-0-LL,ssp245,2090,1530.3403025202663,1530.5030103973997,-22.429697479733704,-22.266989602600233,-11.536016709969115,0.8893335472690781,-11.752723552302761,0.13241711240197093
UKESM1-0-LL,ssp585,2030,1552.1789224593103,1552.223877588917,-0.5910775406896391,-0.5461224110829335,-0.00032958666746815647,0.0033520425626853345,-0.6815619793801512,0.13241711240192763
UKESM1-0-LL,ssp585,2050,1544.4476799368717,1544.196548779021,-8.322320063128245,-8.573451220978995,-4.134071362157564,-0.1600121447553444,-4.41178482646784,0.13241711240194207
UKESM1-0-LL,ssp585,2090,1518.2630087903522,1518.0561132390715,-34.50699120964782,-34.71388676092852,-23.9390507343963,2.9256543627543623,-13.832907501687696,0.13241711240197093
